date,reservoir_name,current_level_ft,storage_m3,inflow_m3_per_day,outflow_m3_per_day,full_capacity_m3,percent_full,previous_day_level,percent_change,water_available_days,water_low_warning,water_trend_7d
2025-11-30,AMARAVATHI*,75.3,79230536.76441601,1382315.183235072,61164.388638720004,114598278.15782401,69.13763281443045,,,1295.3703703703704,False,Insufficient Data
2025-12-01,AMARAVATHI*,76.8,82571924.662272,2219044.019812762,611643.8863872001,114598278.15782401,72.0533728687917,75.3,1.9920318725099602,135.0,False,Insufficient Data
2025-12-02,AMARAVATHI*,77.43,84016083.838464,1460605.6006926338,611643.8863872001,114598278.15782401,73.31356560415122,76.8,0.8203125000000127,137.36111111111111,False,Insufficient Data
2025-12-03,AMARAVATHI*,77.96,85205391.395328,2522419.387460813,611643.8863872001,114598278.15782401,74.35137138621201,77.43,0.6844892160661074,139.30555555555554,False,Insufficient Data
2025-12-04,AMARAVATHI*,77.96,85205391.395328,2522419.387460813,611643.8863872001,114598278.15782401,74.35137138621201,77.96,0.0,139.30555555555554,False,Insufficient Data
2025-12-05,AMARAVATHI*,80.91,92058068.270592,3251498.9000343555,428150.72047104005,114598278.15782401,80.33110946380035,77.96,3.7839917906618816,215.0132275132275,False,Insufficient Data
2025-12-06,AMARAVATHI*,80.91,92058068.270592,3251498.9000343555,428150.72047104005,114598278.15782401,80.33110946380035,80.91,0.0,215.0132275132275,False,Rising
2025-12-07,AMARAVATHI*,84.2,100298270.628864,1827591.9325249537,61164.388638720004,114598278.15782401,87.52162095379293,80.91,4.066246446669147,1639.8148148148148,False,Rising
2025-12-08,AMARAVATHI*,85.34,102818469.97555201,3929200.326151373,61164.388638720004,114598278.15782401,89.7207808253027,84.2,1.3539192399049886,1681.0185185185185,False,Rising
2025-12-09,AMARAVATHI*,86.09,104659065.004032,1861843.9901626369,61164.388638720004,114598278.15782401,91.32690882134914,85.34,0.8788375908132177,1711.111111111111,False,Rising
2025-12-10,AMARAVATHI*,86.74,106273125.25977601,1715049.457429709,61164.388638720004,114598278.15782401,92.7353595255745,86.09,0.7550238122894546,1737.5,False,Rising
2025-12-11,AMARAVATHI*,86.98,106641244.26547201,1443479.571873792,917465.8295808,114598278.15782401,93.05658512478378,86.74,0.27668895549920347,116.23456790123457,False,Rising
2025-12-12,AMARAVATHI*,87.13,107264214.890496,1250200.103775437,795137.0523033601,114598278.15782401,93.60019767729182,86.98,0.17245343757184578,134.9002849002849,False,Rising
2025-12-13,AMARAVATHI*,87.13,107264214.890496,1250200.103775437,795137.0523033601,114598278.15782401,93.60019767729182,87.13,0.0,134.9002849002849,False,Rising
2025-12-14,AMARAVATHI*,87.13,107264214.890496,1250200.103775437,795137.0523033601,114598278.15782401,93.60019767729182,87.13,0.0,134.9002849002849,False,Rising
2025-12-15,AMARAVATHI*,85.56,103328173.214208,829389.1099410433,3058219.431936,114598278.15782401,90.16555473190017,87.13,-1.8019051991277326,33.78703703703704,False,Falling
2025-12-16,AMARAVATHI*,84.7,101232726.5664,1404334.3631450112,2874726.2660198403,114598278.15782401,88.33703978255498,85.56,-1.0051425899953244,35.214736012608356,False,Falling
2025-12-17,AMARAVATHI*,83.99,99477082.07769601,1453265.8740559872,2630068.71146496,114598278.15782401,86.80504077094145,84.7,-0.838252656434484,37.82299741602068,False,Falling
2025-12-18,AMARAVATHI*,83.99,99477082.07769601,1529109.715968,1529109.715968,114598278.15782401,86.80504077094145,83.99,0.0,65.05555555555556,False,Falling
2025-12-19,AMARAVATHI*,83.92,99307180.998144,1203715.1684100097,489315.10910976003,114598278.15782401,86.65678280207561,83.99,-0.08334325514941443,202.95138888888889,False,Falling
2025-12-20,AMARAVATHI*,83.92,99307180.998144,1203715.1684100097,489315.10910976003,114598278.15782401,86.65678280207561,83.92,0.0,202.95138888888889,False,Falling
2025-12-21,AMARAVATHI*,83.92,99307180.998144,1203715.1684100097,489315.10910976003,114598278.15782401,86.65678280207561,83.92,0.0,202.95138888888889,False,Falling
2025-12-22,AMARAVATHI*,84.55,100864607.56070401,944378.1605818368,61164.388638720004,114598278.15782401,88.01581418334568,83.92,0.750714966634885,1649.0740740740741,False,Stable
2025-12-23,AMARAVATHI*,84.7,101232726.5664,653235.6706615296,61164.388638720004,114598278.15782401,88.33703978255498,84.55,0.1774098166765295,1655.0925925925926,False,Rising
2025-12-24,AMARAVATHI*,84.7,101232726.5664,653235.6706615296,61164.388638720004,114598278.15782401,88.33703978255498,84.7,0.0,1655.0925925925926,False,Rising
2025-11-30,Aliyar,116.0,101487578.18572801,1184142.5640456192,875874.0453064705,109416295.231488,92.75362318840581,,,115.87006000413822,False,Insufficient Data
2025-12-01,Aliyar,116.15,101799063.49824001,1392101.4854172673,880767.1963975681,109416295.231488,93.03830227743272,116.0,0.1293103448275911,115.57998971193415,False,Insufficient Data
2025-12-02,Aliyar,116.3,102082231.96416001,1012882.2758572033,699720.6060269568,109416295.231488,93.29710144927536,116.15,0.1291433491175131,145.88998963998966,False,Insufficient Data
2025-12-03,Aliyar,116.3,102082231.96416001,746205.5413923841,731526.0881190912,109416295.231488,93.29710144927536,116.3,0.0,139.54694661216402,False,Insufficient Data
2025-12-04,Aliyar,116.3,102082231.96416001,746205.5413923841,731526.0881190912,109416295.231488,93.29710144927536,116.3,0.0,139.54694661216402,False,Insufficient Data
2025-12-05,Aliyar,116.9,103271539.521024,790243.9012122625,379219.209560064,109416295.231488,94.38405797101449,116.3,0.5159071367153986,272.3267622461171,False,Insufficient Data
2025-12-06,Aliyar,116.9,103271539.521024,790243.9012122625,379219.209560064,109416295.231488,94.38405797101449,116.9,0.0,272.3267622461171,False,Rising
2025-12-07,Aliyar,117.25,103979460.685824,692380.8793903105,379219.209560064,109416295.231488,95.03105590062113,116.9,0.29940119760478556,274.19354838709677,False,Rising
2025-12-08,Aliyar,117.3,104064411.2256,494208.26020085765,379219.209560064,109416295.231488,95.1086956521739,117.25,0.042643923240935744,274.4175627240143,False,Rising
2025-12-09,Aliyar,117.25,103979460.685824,528460.3178385409,614090.4619327488,109416295.231488,95.03105590062113,117.3,-0.04262574595055171,169.32270916334662,False,Rising
2025-12-10,Aliyar,117.4,104262629.15174401,937038.4339451905,623876.764114944,109416295.231488,95.28985507246377,117.25,0.12793176972281933,167.1205519244735,False,Rising
2025-12-11,Aliyar,117.3,104064411.2256,574945.253203968,758438.419120128,109416295.231488,95.1086956521739,117.4,-0.08517887563884882,137.20878136200716,False,Stable
2025-12-12,Aliyar,117.05,103583024.833536,425704.14492549124,907679.5273986049,109416295.231488,94.66873706004141,117.3,-0.2131287297527707,114.1184985524608,False,Stable
2025-12-13,Aliyar,117.05,103583024.833536,425704.14492549124,907679.5273986049,109416295.231488,94.66873706004141,117.05,0.0,114.1184985524608,False,Stable
2025-12-14,Aliyar,117.05,103583024.833536,425704.14492549124,907679.5273986049,109416295.231488,94.66873706004141,117.05,0.0,114.1184985524608,False,Stable
2025-12-15,Aliyar,116.7,102875103.66873601,337627.4252857344,917465.8295808,109416295.231488,94.0217391304348,117.05,-0.29901751388295117,112.12962962962963,False,Falling
2025-12-16,Aliyar,116.4,102280449.890304,254443.85673707523,834282.2610321408,109416295.231488,93.4782608695652,116.7,-0.25706940874035744,122.59693711306615,False,Falling
2025-12-17,Aliyar,116.3,102082231.96416001,513780.864565248,697274.030481408,109416295.231488,93.29710144927536,116.4,-0.08591065292096951,146.40188434048085,False,Falling
2025-12-18,Aliyar,116.1,101685796.111872,391452.087287808,773117.8723934209,109416295.231488,92.93478260869566,116.3,-0.17196904557179954,131.5268987341772,False,Falling
2025-12-19,Aliyar,115.8,101091142.33344,183493.16591616,758438.419120128,109416295.231488,92.3913043478261,116.1,-0.25839793281653506,133.28853046594983,False,Falling
2025-12-20,Aliyar,115.8,101091142.33344,183493.16591616,758438.419120128,109416295.231488,92.3913043478261,115.8,0.0,133.28853046594983,False,Falling
2025-12-21,Aliyar,115.8,101091142.33344,183493.16591616,758438.419120128,109416295.231488,92.3913043478261,115.8,0.0,133.28853046594983,False,Falling
2025-12-22,Aliyar,115.6,100723023.327744,215298.6480082944,398791.81392445444,109416295.231488,92.05486542443064,115.8,-0.1727115716753047,252.5704385366962,False,Falling
2025-12-23,Aliyar,115.6,100694706.48115201,369432.90737786883,354753.454104576,109416295.231488,92.02898550724639,115.6,0.0,283.8441890166028,False,Falling
2025-12-24,Aliyar,115.6,100694706.48115201,369432.90737786883,354753.454104576,109416295.231488,92.02898550724639,115.6,0.0,283.8441890166028,False,Stable
2025-11-30,BHAVANISAGAR,102.52,870459864.23808,3501049.605680333,6096866.25950761,928792568.2176001,93.71951219512195,,,142.77168420426847,False,Insufficient Data
2025-12-01,BHAVANISAGAR,102.61,872526994.039296,3899841.4196047876,2253296.077450445,928792568.2176001,93.9420731707317,102.52,0.08778774873195808,387.22252382675833,False,Insufficient Data
2025-12-02,BHAVANISAGAR,102.52,870459864.23808,3143849.5760302083,5871781.30931712,928792568.2176001,93.71951219512195,102.61,-0.0877107494396291,148.2445987654321,False,Insufficient Data
2025-12-03,BHAVANISAGAR,102.46,869072338.755072,4991014.112919552,4036849.65015552,928792568.2176001,93.5701219512195,102.52,-0.05852516582130538,215.2847923681257,False,Insufficient Data
2025-12-04,BHAVANISAGAR,102.46,869072338.755072,4991014.112919552,4036849.65015552,928792568.2176001,93.5701219512195,102.46,0.0,215.2847923681257,False,Insufficient Data
2025-12-05,BHAVANISAGAR,102.38,867231743.7265921,3603805.778593383,3058219.431936,928792568.2176001,93.3719512195122,102.46,-0.07807925043919413,283.5740740740741,False,Insufficient Data
2025-12-06,BHAVANISAGAR,102.38,867231743.7265921,3603805.778593383,3058219.431936,928792568.2176001,93.3719512195122,102.38,0.0,283.5740740740741,False,Stable
2025-12-07,BHAVANISAGAR,102.28,864938079.1526401,3701668.8004153348,5749452.5320396805,928792568.2176001,93.125,102.38,-0.09767532721234062,150.43833727344366,False,Stable
2025-12-08,BHAVANISAGAR,102.15,861936493.4138881,3642950.9873221633,6361096.418426881,928792568.2176001,92.80182926829268,102.28,-0.1271020727414895,135.50124643874645,False,Stable
2025-12-09,BHAVANISAGAR,101.99,858255303.3569281,3412972.8860405763,6811266.31880786,928792568.2176001,92.40548780487805,102.15,-0.15663240332844913,126.0052482439336,False,Stable
2025-12-10,BHAVANISAGAR,101.87,855508569.237504,4261934.60034601,6728082.7502592,928792568.2176001,92.10975609756098,101.99,-0.11765859397979248,127.15488215488216,False,Falling
2025-12-11,BHAVANISAGAR,101.69,851430943.328256,2930997.503567463,6728082.7502592,928792568.2176001,91.67073170731706,101.87,-0.1766957887503748,126.54882154882155,False,Falling
2025-12-12,BHAVANISAGAR,101.49,846900247.8735361,2468594.7254587393,6718296.448077005,928792568.2176001,91.1829268292683,101.69,-0.19667617268168242,126.05877909956571,False,Falling
2025-12-13,BHAVANISAGAR,101.49,846900247.8735361,2468594.7254587393,6718296.448077005,928792568.2176001,91.1829268292683,101.49,0.0,126.05877909956571,False,Falling
2025-12-14,BHAVANISAGAR,101.49,846900247.8735361,2468594.7254587393,6718296.448077005,928792568.2176001,91.1829268292683,101.49,0.0,126.05877909956571,False,Falling
2025-12-15,BHAVANISAGAR,100.89,833308161.509376,1719942.6085208065,6850411.527536641,928792568.2176001,89.71951219512194,101.49,-0.5911912503694889,121.6435185185185,False,Falling
2025-12-16,BHAVANISAGAR,100.62,827276673.1852801,1096065.8444058625,6850411.527536641,928792568.2176001,89.07012195121952,100.89,-0.2676181980374626,120.76306216931216,False,Falling
2025-12-17,BHAVANISAGAR,100.36,821471719.6339201,1113191.873224704,6642452.606164993,928792568.2176001,88.4451219512195,100.62,-0.25839793281654255,123.66994065889094,False,Falling
2025-12-18,BHAVANISAGAR,100.1,815666766.0825601,707060.3326636032,6238767.641149441,928792568.2176001,87.8201219512195,100.36,-0.25906735751295845,130.74164851125636,False,Falling
2025-12-19,BHAVANISAGAR,99.86,810371515.7698561,1218394.6216833026,6238767.641149441,928792568.2176001,87.25,100.1,-0.23976023976023464,129.8928830791576,False,Falling
2025-12-20,BHAVANISAGAR,99.86,810371515.7698561,1218394.6216833026,6238767.641149441,928792568.2176001,87.25,99.86,0.0,129.8928830791576,False,Falling
2025-12-21,BHAVANISAGAR,99.86,810371515.7698561,1218394.6216833026,6238767.641149441,928792568.2176001,87.25,99.86,0.0,129.8928830791576,False,Falling
2025-12-22,BHAVANISAGAR,99.17,795222002.8431361,831835.685486592,5749452.5320396805,928792568.2176001,85.6189024390244,99.86,-0.6909673542960121,138.31264775413712,False,Falling
2025-12-23,BHAVANISAGAR,98.93,789983386.223616,875874.0453064705,5749452.5320396805,928792568.2176001,85.05487804878048,99.17,-0.24200867197740739,137.40149724192275,False,Falling
2025-12-24,BHAVANISAGAR,98.93,789983386.223616,875874.0453064705,5749452.5320396805,928792568.2176001,85.05487804878048,98.93,0.0,137.40149724192275,False,Falling
2025-11-30,Harangi,113.32,127737294.97651201,447723.3248354304,2935890.65465856,240693196.032,53.070588235294125,,,43.50887345679013,False,Insufficient Data
2025-12-01,Harangi,112.55,125471947.249152,748652.1169379329,2935890.65465856,240693196.032,52.12941176470588,113.32,-0.679491704906456,42.73726851851852,False,Insufficient Data
2025-12-02,Harangi,110.27,118760854.606848,927252.1317629953,2935890.65465856,240693196.032,49.34117647058823,112.55,-2.0257663260773,40.451388888888886,False,Insufficient Data
2025-12-03,Harangi,109.48,116438873.186304,689934.3038447617,2935890.65465856,240693196.032,48.37647058823529,110.27,-0.7164233245669648,39.660493827160494,False,Insufficient Data
2025-12-04,Harangi,109.48,116438873.186304,689934.3038447617,2935890.65465856,240693196.032,48.37647058823529,109.48,0.0,39.660493827160494,False,Insufficient Data
2025-12-05,Harangi,108.14,112502831.51001601,1191482.2906822658,2935890.65465856,240693196.032,46.741176470588236,109.48,-1.223967848008772,38.31983024691358,False,Insufficient Data
2025-12-06,Harangi,108.14,112502831.51001601,1191482.2906822658,2935890.65465856,240693196.032,46.741176470588236,108.14,0.0,38.31983024691358,False,Falling
2025-12-07,Harangi,107.56,110803820.714496,1308917.916868608,2935890.65465856,240693196.032,46.035294117647055,108.14,-0.5363417791751418,37.74112654320987,False,Falling
2025-12-08,Harangi,107.56,110803820.714496,1308917.916868608,2935890.65465856,240693196.032,46.035294117647055,107.56,0.0,37.74112654320987,False,Falling
2025-12-09,Harangi,105.53,104828966.08358401,985969.9448561665,2935890.65465856,240693196.032,43.5529411764706,107.56,-1.8873187058386027,35.70601851851852,False,Falling
2025-12-10,Harangi,104.78,102620252.049408,320501.3964668928,2446575.5455488004,240693196.032,42.635294117647064,105.53,-0.7106983796076944,41.94444444444444,False,Falling
2025-12-11,Harangi,104.05,100468171.708416,379219.209560064,2446575.5455488004,240693196.032,41.741176470588236,104.78,-0.696697843099832,41.06481481481481,False,Falling
2025-12-12,Harangi,104.05,100468171.708416,379219.209560064,2446575.5455488004,240693196.032,41.741176470588236,104.05,0.0,41.06481481481481,False,Falling
2025-12-13,Harangi,104.05,100468171.708416,379219.209560064,2446575.5455488004,240693196.032,41.741176470588236,104.05,0.0,41.06481481481481,False,Falling
2025-12-14,Harangi,104.05,100468171.708416,379219.209560064,2446575.5455488004,240693196.032,41.741176470588236,104.05,0.0,41.06481481481481,False,Falling
2025-12-15,Harangi,102.53,98202823.981056,188386.3170072576,1223287.7727744002,240693196.032,40.800000000000004,104.05,-1.4608361364728457,80.27777777777777,False,Falling
2025-12-16,Harangi,101.26,96362228.95257601,364539.7562867712,733972.66366464,240693196.032,40.03529411764706,102.53,-1.2386618550668058,131.2885802469136,False,Falling
2025-12-17,Harangi,100.84,95767575.174144,205512.34582609922,733972.66366464,240693196.032,39.78823529411765,101.26,-0.4147738494963477,130.47839506172838,False,Falling
2025-12-18,Harangi,100.44,95172921.395712,234871.25237268483,733972.66366464,240693196.032,39.54117647058823,100.84,-0.3966679888933019,129.66820987654322,False,Falling
2025-12-19,Harangi,100.1,94691535.00364801,320501.3964668928,733972.66366464,240693196.032,39.34117647058824,100.44,-0.3385105535643204,129.01234567901236,False,Falling
2025-12-20,Harangi,100.1,94691535.00364801,320501.3964668928,733972.66366464,240693196.032,39.34117647058824,100.1,0.0,129.01234567901236,False,Falling
2025-12-21,Harangi,100.1,94691535.00364801,320501.3964668928,733972.66366464,240693196.032,39.34117647058824,100.1,0.0,129.01234567901236,False,Falling
2025-12-22,Harangi,99.67,91236879.71942401,190832.8925528064,733972.66366464,240693196.032,37.90588235294118,100.1,-0.42957042957042224,124.30555555555556,False,Falling
2025-12-23,Harangi,98.56,92454504.12288001,305821.94319360005,733972.66366464,240693196.032,38.411764705882355,99.67,-1.1136751279221424,125.96450617283952,False,Falling
2025-12-24,Harangi,98.56,92454504.12288001,305821.94319360005,733972.66366464,240693196.032,38.411764705882355,98.56,0.0,125.96450617283952,False,Falling
2025-11-30,Hemavathy,109.88,866070753.0163201,4293740.082438144,10275617.29130496,1050639959.1029761,82.4326873837695,,,84.28406084656085,False,Insufficient Data
2025-12-01,Hemavathy,109.58,858849957.13536,3329789.317491917,10275617.29130496,1050639959.1029761,81.74541142225695,109.88,-0.273025118310882,83.5813492063492,False,Insufficient Data
2025-12-02,Hemavathy,108.65,836847767.333376,2967696.136750695,10275617.29130496,1050639959.1029761,79.6512411395305,109.58,-0.8486950173389237,81.4401455026455,False,Insufficient Data
2025-12-03,Hemavathy,108.33,829485387.2194561,3197674.238032282,10275617.29130496,1050639959.1029761,78.95048917877261,108.65,-0.2945236999539874,80.72365520282187,False,Insufficient Data
2025-12-04,Hemavathy,108.33,829485387.2194561,3197674.238032282,10275617.29130496,1050639959.1029761,78.95048917877261,108.33,0.0,80.72365520282187,False,Insufficient Data
2025-12-05,Hemavathy,107.6,812721814.0369921,2094268.666989773,11009589.9549696,1050639959.1029761,77.35493086812387,108.33,-0.6738668882119486,73.81944444444446,False,Insufficient Data
2025-12-06,Hemavathy,107.6,812721814.0369921,2094268.666989773,11009589.9549696,1050639959.1029761,77.35493086812387,107.6,0.0,73.81944444444446,False,Falling
2025-12-07,Hemavathy,107.2,803518838.894592,2094268.666989773,11009589.9549696,1050639959.1029761,76.4789909171765,107.6,-0.3717472118959029,72.98353909465021,False,Falling
2025-12-08,Hemavathy,107.2,803518838.894592,2094268.666989773,11009589.9549696,1050639959.1029761,76.4789909171765,107.2,0.0,72.98353909465021,False,Falling
2025-12-09,Hemavathy,106.07,778656647.5868161,2047783.7316243458,10275617.29130496,1050639959.1029761,74.11260544969409,107.2,-1.0541044776119493,75.7771164021164,False,Falling
2025-12-10,Hemavathy,105.69,770359811.5353601,2265528.955178189,10275617.29130496,1050639959.1029761,73.32291189391694,106.07,-0.35825398321862495,74.96968694885362,False,Falling
2025-12-11,Hemavathy,105.3,761864757.55776,2050230.3071698945,10275617.29130496,1050639959.1029761,72.51435193919629,105.69,-0.3690036900369009,74.14296737213404,False,Falling
2025-12-12,Hemavathy,105.3,761864757.55776,2050230.3071698945,10275617.29130496,1050639959.1029761,72.51435193919629,105.3,0.0,74.14296737213404,False,Falling
2025-12-13,Hemavathy,105.3,761864757.55776,2050230.3071698945,10275617.29130496,1050639959.1029761,72.51435193919629,105.3,0.0,74.14296737213404,False,Falling
2025-12-14,Hemavathy,105.3,761864757.55776,2050230.3071698945,10275617.29130496,1050639959.1029761,72.51435193919629,105.3,0.0,74.14296737213404,False,Falling
2025-12-15,Hemavathy,104.43,743402173.579776,1947474.1342568449,11498905.064079361,1050639959.1029761,70.75708163760342,105.3,-0.8262108262108171,64.64982269503545,False,Falling
2025-12-16,Hemavathy,103.21,717917011.646976,1803126.1770694656,10520274.84585984,1050639959.1029761,68.33140177344148,104.43,-1.1682466724121545,68.24127906976744,False,Falling
2025-12-17,Hemavathy,102.75,708459184.8852481,1815359.0547972098,10997357.077241857,1050639959.1029761,67.43120502385251,103.21,-0.44569324677840694,64.4208585671322,False,Falling
2025-12-18,Hemavathy,102.29,699114625.509888,1947474.1342568449,10997357.077241857,1050639959.1029761,66.54178907365981,102.75,-0.44768856447687955,63.571149013306965,False,Falling
2025-12-19,Hemavathy,101.82,689600165.054976,1744408.3639762944,10997357.077241857,1050639959.1029761,65.63620192437268,102.29,-0.4594779548343074,62.70599019486672,False,Falling
2025-12-20,Hemavathy,101.82,689600165.054976,1744408.3639762944,10997357.077241857,1050639959.1029761,65.63620192437268,101.82,0.0,62.70599019486672,False,Falling
2025-12-21,Hemavathy,101.82,689600165.054976,1744408.3639762944,10997357.077241857,1050639959.1029761,65.63620192437268,101.82,0.0,62.70599019486672,False,Falling
2025-12-22,Hemavathy,101.36,680283922.526208,1945027.5587112962,10997357.077241857,1050639959.1029761,64.74948117402906,101.82,-0.45177764682772914,61.85885551847732,False,Falling
2025-12-23,Hemavathy,99.8,649248658.661376,814709.6566677504,10997357.077241857,1050639959.1029761,61.79554213944963,101.36,-1.5390686661404915,59.036789848803195,False,Falling
2025-12-24,Hemavathy,99.8,649248658.661376,814709.6566677504,10997357.077241857,1050639959.1029761,61.79554213944963,99.8,0.0,59.036789848803195,False,Falling
2025-11-30,Kabini,58.44,441969341.607936,716846.6348457985,4770822.31382016,552631578.089472,79.97540479606477,,,92.64007597340931,False,Insufficient Data
2025-12-01,Kabini,58.2,438231517.857792,1186589.1395911681,4770822.31382016,552631578.089472,79.29903668784587,58.44,-0.41067761806980646,91.85660018993353,False,Insufficient Data
2025-12-02,Kabini,57.72,430755870.357504,1663671.370973184,4281507.204710401,552631578.089472,77.94630047140807,58.2,-0.824742268041244,100.6084656084656,False,Insufficient Data
2025-12-03,Kabini,57.61,429056859.561984,2864939.963837645,4403835.9819878405,552631578.089472,77.63886042221766,57.72,-0.1905751905751896,97.42798353909464,False,Insufficient Data
2025-12-04,Kabini,57.61,429056859.561984,2864939.963837645,4403835.9819878405,552631578.089472,77.63886042221766,57.61,0.0,97.42798353909464,False,Insufficient Data
2025-12-05,Kabini,57.28,423931510.32883203,1467945.32732928,4403835.9819878405,552631578.089472,76.7114162738266,57.61,-0.5728172192327691,96.26414609053498,False,Insufficient Data
2025-12-06,Kabini,57.28,423931510.32883203,1467945.32732928,4403835.9819878405,552631578.089472,76.7114162738266,57.28,0.0,96.26414609053498,False,Falling
2025-12-07,Kabini,57.06,420505171.8912,2380518.0058189826,5627123.754762241,552631578.089472,76.09141217462594,57.28,-0.38407821229050076,74.7282608695652,False,Falling
2025-12-08,Kabini,57.06,420505171.8912,2380518.0058189826,5627123.754762241,552631578.089472,76.09141217462594,57.06,0.0,74.7282608695652,False,Falling
2025-12-09,Kabini,56.72,415294872.118272,2392750.883546727,3302876.98649088,552631578.089472,75.14859602377535,57.06,-0.5958640028040718,125.73731138545953,False,Falling
2025-12-10,Kabini,56.62,413737445.55571204,2908978.3236575234,4281507.204710401,552631578.089472,74.86677597868415,56.72,-0.1763046544428798,96.63359788359787,False,Falling
2025-12-11,Kabini,56.54,412519821.152256,2586030.351645082,3650290.7139588096,552631578.089472,74.64644394343102,56.62,-0.14129282938890553,113.01012809055705,False,Falling
2025-12-12,Kabini,56.54,412519821.152256,2586030.351645082,3650290.7139588096,552631578.089472,74.64644394343102,56.54,0.0,113.01012809055705,False,Falling
2025-12-13,Kabini,56.54,412519821.152256,2586030.351645082,3650290.7139588096,552631578.089472,74.64644394343102,56.54,0.0,113.01012809055705,False,Falling
2025-12-14,Kabini,56.54,412519821.152256,2586030.351645082,3650290.7139588096,552631578.089472,74.64644394343102,56.54,0.0,113.01012809055705,False,Falling
2025-12-15,Kabini,56.56,412831306.46476805,2732824.88437801,2568904.32282624,552631578.089472,74.70280795244928,56.54,0.035373187124165414,160.70326278659613,False,Stable
2025-12-16,Kabini,56.56,412831306.46476805,2329139.919362458,1548682.3203323905,552631578.089472,74.70280795244928,56.56,0.0,266.5693932479083,False,Stable
2025-12-17,Kabini,56.64,414048930.868224,1394548.060962816,0.0,552631578.089472,74.9231399877024,56.56,0.14144271570013842,,False,Stable
2025-12-18,Kabini,56.69,414813485.72620803,934591.8583996417,0.0,552631578.089472,75.06148800983809,56.64,0.08827683615818707,,False,Stable
2025-12-19,Kabini,56.75,415747941.66374403,1088726.1177692162,0.0,552631578.089472,75.2305800368928,56.69,0.10583877227024567,,False,Stable
2025-12-20,Kabini,56.75,415747941.66374403,1088726.1177692162,0.0,552631578.089472,75.2305800368928,56.75,0.0,,False,Stable
2025-12-21,Kabini,56.75,415747941.66374403,1088726.1177692162,0.0,552631578.089472,75.2305800368928,56.75,0.0,,False,Stable
2025-12-22,Kabini,56.8,416512496.52172804,934591.8583996417,0.0,552631578.089472,75.36892805902849,56.75,0.08810572687224169,,False,Stable
2025-12-23,Kabini,56.64,414048930.868224,467295.92919982085,1223287.7727744002,552631578.089472,74.9231399877024,56.8,-0.28169014084506444,338.4722222222222,False,Stable
2025-12-24,Kabini,56.64,414048930.868224,467295.92919982085,1223287.7727744002,552631578.089472,74.9231399877024,56.64,0.0,338.4722222222222,False,Stable
2025-11-30,Krishna Raja Sagar,123.0,1330013967.579648,7278562.24800768,9867039.175198311,1400324697.6675842,94.97896950578337,,,134.79362389912848,False,Insufficient Data
2025-12-01,Krishna Raja Sagar,122.94,1327748619.852288,7995408.882853479,9776515.880013006,1400324697.6675842,94.81719647334789,123.0,-0.048780487804879896,135.80999981462944,False,Insufficient Data
2025-12-02,Krishna Raja Sagar,122.76,1320924259.823616,7513433.500380365,8538548.653965313,1400324697.6675842,94.32985521313596,122.94,-0.14641288433381539,154.70126286745196,False,Insufficient Data
2025-12-03,Krishna Raja Sagar,122.74,1320159704.965632,8029660.940491162,8293891.099410432,1400324697.6675842,94.27525681468897,122.76,-0.01629195177583108,159.17253905823227,False,Insufficient Data
2025-12-04,Krishna Raja Sagar,122.74,1320159704.965632,8029660.940491162,8293891.099410432,1400324697.6675842,94.27525681468897,122.74,0.0,159.17253905823227,False,Insufficient Data
2025-12-05,Krishna Raja Sagar,122.8,1322425052.692992,9076795.273986049,7070603.326636032,1400324697.6675842,94.43702984712446,122.74,0.048883819455762,187.03143021914647,False,Insufficient Data
2025-12-06,Krishna Raja Sagar,122.8,1322425052.692992,9076795.273986049,7070603.326636032,1400324697.6675842,94.43702984712446,122.8,0.0,187.03143021914647,False,Stable
2025-12-07,Krishna Raja Sagar,122.86,1324718717.2669442,8607052.76924068,5844868.978316084,1400324697.6675842,94.60082504246542,122.8,0.04885993485342205,226.64643504953258,False,Stable
2025-12-08,Krishna Raja Sagar,122.86,1324718717.2669442,8607052.76924068,5844868.978316084,1400324697.6675842,94.60082504246542,122.86,0.0,226.64643504953258,False,Stable
2025-12-09,Krishna Raja Sagar,123.06,1332335949.0001922,8792992.510702388,5972090.906684621,1400324697.6675842,95.14478686402977,122.86,0.16278691193228295,223.09371538683297,False,Stable
2025-12-10,Krishna Raja Sagar,123.1,1333893375.562752,8019874.6383089665,5972090.906684621,1400324697.6675842,95.25600582382916,123.06,0.032504469364531156,223.3544995220538,False,Stable
2025-12-11,Krishna Raja Sagar,123.14,1335422485.2787201,8022321.213854516,5974537.48223017,1400324697.6675842,95.36520262072312,123.1,0.032493907392369015,223.51897351897355,False,Stable
2025-12-12,Krishna Raja Sagar,123.14,1335422485.2787201,8022321.213854516,5974537.48223017,1400324697.6675842,95.36520262072312,123.14,0.0,223.51897351897355,False,Stable
2025-12-13,Krishna Raja Sagar,123.14,1335422485.2787201,8022321.213854516,5974537.48223017,1400324697.6675842,95.36520262072312,123.14,0.0,223.51897351897355,False,Stable
2025-12-14,Krishna Raja Sagar,123.14,1335422485.2787201,8022321.213854516,5974537.48223017,1400324697.6675842,95.36520262072312,123.14,0.0,223.51897351897355,False,Stable
2025-12-15,Krishna Raja Sagar,123.2,1337744466.699264,7131767.715274752,5852208.70495273,1400324697.6675842,95.5310199789695,123.14,0.04872502842293509,228.58796296296296,False,Stable
2025-12-16,Krishna Raja Sagar,123.18,1336979911.84128,6111545.712780903,5607551.15039785,1400324697.6675842,95.47642158052251,123.2,-0.016233766233763002,238.42491597181822,False,Stable
2025-12-17,Krishna Raja Sagar,123.2,1337744466.699264,6762334.807896883,5485222.37312041,1400324697.6675842,95.5310199789695,123.18,0.01623640201331062,243.88153764826376,False,Stable
2025-12-18,Krishna Raja Sagar,123.26,1340066448.1198082,7493860.896015975,4668066.140907111,1400324697.6675842,95.6968373372159,123.2,0.04870129870130054,287.071007065766,False,Stable
2025-12-19,Krishna Raja Sagar,123.38,1344710410.960896,9120833.633805927,3973238.6859712517,1400324697.6675842,96.02847205370864,123.26,0.09735518416354887,338.44189016602803,False,Stable
2025-12-20,Krishna Raja Sagar,123.38,1344710410.960896,9120833.633805927,3973238.6859712517,1400324697.6675842,96.02847205370864,123.38,0.0,338.44189016602803,False,Stable
2025-12-21,Krishna Raja Sagar,123.38,1344710410.960896,9120833.633805927,3973238.6859712517,1400324697.6675842,96.02847205370864,123.38,0.0,338.44189016602803,False,Stable
2025-12-22,Krishna Raja Sagar,123.52,1350118928.6599681,8974039.101072999,3050879.7052993537,1400324697.6675842,96.41470516864838,123.38,0.11347057869995182,442.5343045531498,False,Stable
2025-12-23,Krishna Raja Sagar,123.9,1364815372.0412161,7479181.442742682,3143849.5760302083,1400324697.6675842,97.46420771657365,123.52,0.30764248704663993,434.12235192390835,False,Rising
2025-12-24,Krishna Raja Sagar,123.9,1364815372.0412161,7479181.442742682,3143849.5760302083,1400324697.6675842,97.46420771657365,123.9,0.0,434.12235192390835,False,Rising
2025-11-30,Krishnagiri,49.5,39332099.916288,1377422.0321439744,1377422.0321439744,47175866.422272004,83.3733493397359,,,28.554864811525558,False,Insufficient Data
2025-12-01,Krishnagiri,49.45,39190515.683328,1377422.0321439744,1377422.0321439744,47175866.422272004,83.07322929171669,49.5,-0.10101010101009526,28.452075521347282,False,Insufficient Data
2025-12-02,Krishnagiri,49.45,39190515.683328,1377422.0321439744,1377422.0321439744,47175866.422272004,83.07322929171669,49.45,0.0,28.452075521347282,False,Insufficient Data
2025-12-03,Krishnagiri,49.45,39190515.683328,1377422.0321439744,1377422.0321439744,47175866.422272004,83.07322929171669,49.45,0.0,28.452075521347282,False,Insufficient Data
2025-12-04,Krishnagiri,49.45,39190515.683328,1377422.0321439744,1377422.0321439744,47175866.422272004,83.07322929171669,49.45,0.0,28.452075521347282,False,Insufficient Data
2025-12-05,Krishnagiri,49.45,39190515.683328,1377422.0321439744,1377422.0321439744,47175866.422272004,83.07322929171669,49.45,0.0,28.452075521347282,False,Insufficient Data
2025-12-06,Krishnagiri,49.45,39190515.683328,1377422.0321439744,1377422.0321439744,47175866.422272004,83.07322929171669,49.45,0.0,28.452075521347282,False,Stable
2025-12-07,Krishnagiri,49.45,39190515.683328,1377422.0321439744,1377422.0321439744,47175866.422272004,83.07322929171669,49.45,0.0,28.452075521347282,False,Stable
2025-12-08,Krishnagiri,49.45,39190515.683328,1377422.0321439744,1377422.0321439744,47175866.422272004,83.07322929171669,49.45,0.0,28.452075521347282,False,Stable
2025-12-09,Krishnagiri,49.45,39190515.683328,1377422.0321439744,1377422.0321439744,47175866.422272004,83.07322929171669,49.45,0.0,28.452075521347282,False,Stable
2025-12-10,Krishnagiri,49.45,39190515.683328,1377422.0321439744,1377422.0321439744,47175866.422272004,83.07322929171669,49.45,0.0,28.452075521347282,False,Stable
2025-12-11,Krishnagiri,49.45,39190515.683328,1377422.0321439744,1377422.0321439744,47175866.422272004,83.07322929171669,49.45,0.0,28.452075521347282,False,Stable
2025-12-12,Krishnagiri,49.45,39190515.683328,1377422.0321439744,1377422.0321439744,47175866.422272004,83.07322929171669,49.45,0.0,28.452075521347282,False,Stable
2025-12-13,Krishnagiri,49.45,39190515.683328,1377422.0321439744,1377422.0321439744,47175866.422272004,83.07322929171669,49.45,0.0,28.452075521347282,False,Stable
2025-12-14,Krishnagiri,49.45,39190515.683328,1377422.0321439744,1377422.0321439744,47175866.422272004,83.07322929171669,49.45,0.0,28.452075521347282,False,Stable
2025-12-15,Krishnagiri,48.95,37746356.507136,1321150.7945963521,1888756.3211636737,47175866.422272004,80.01200480192077,49.45,-1.0111223458038423,19.98476779888697,False,Stable
2025-12-16,Krishnagiri,48.75,37180019.575296,1316257.6435052545,1888756.3211636737,47175866.422272004,78.81152460984393,48.95,-0.4085801838610886,19.684921320284015,False,Falling
2025-12-17,Krishnagiri,48.55,36613682.643456005,1328490.5212329985,1888756.3211636737,47175866.422272004,77.6110444177671,48.75,-0.41025641025641607,19.38507484168106,False,Falling
2025-12-18,Krishnagiri,48.5,36472098.410496004,1751748.090612941,1888756.3211636737,47175866.422272004,77.31092436974791,48.55,-0.10298661174046789,19.31011322203032,False,Falling
2025-12-19,Krishnagiri,48.45,36302197.330944,1702816.579701965,1888756.3211636737,47175866.422272004,76.95078031212485,48.5,-0.10309278350514879,19.220159278449433,False,Falling
2025-12-20,Krishnagiri,48.45,36302197.330944,1702816.579701965,1888756.3211636737,47175866.422272004,76.95078031212485,48.45,0.0,19.220159278449433,False,Falling
2025-12-21,Krishnagiri,48.45,36302197.330944,1702816.579701965,1888756.3211636737,47175866.422272004,76.95078031212485,48.45,0.0,19.220159278449433,False,Stable
2025-12-22,Krishnagiri,47.95,34914671.847936004,1350509.7011429376,1888756.3211636737,47175866.422272004,74.00960384153662,48.45,-1.0319917440660475,18.485535405872195,False,Falling
2025-12-23,Krishnagiri,47.75,34376651.762688,1352956.2766884866,1888756.3211636737,47175866.422272004,72.86914765906363,47.95,-0.41710114702816026,18.200681251199388,False,Falling
2025-12-24,Krishnagiri,47.75,34376651.762688,1352956.2766884866,1888756.3211636737,47175866.422272004,72.86914765906363,47.75,0.0,18.200681251199388,False,Falling
2025-11-30,METTUR,114.6,2410329981.9110403,14163225.833182003,3432545.4904049668,2646775650.9542403,91.06665240184016,,,702.1989915788918,False,Insufficient Data
2025-12-01,METTUR,115.18,2434993955.292672,11728883.165360948,3432545.4904049668,2646775650.9542403,91.99850219321706,114.6,0.5061082024432919,709.3843219555978,False,Insufficient Data
2025-12-02,METTUR,115.38,2443545642.963456,12546039.397574248,3430098.914859418,2646775650.9542403,92.32160051353375,115.18,0.17364125716269196,712.3834337190257,False,Insufficient Data
2025-12-03,METTUR,115.58,2452125647.480832,12577844.879666382,3432545.4904049668,2646775650.9542403,92.64576869583823,115.38,0.17334026694401358,714.3752804836197,False,Insufficient Data
2025-12-04,METTUR,115.58,2452125647.480832,12577844.879666382,3432545.4904049668,2646775650.9542403,92.64576869583823,115.58,0.0,714.3752804836197,False,Insufficient Data
2025-12-05,METTUR,115.87,2464556743.1347203,9123280.209351476,3432545.4904049668,2646775650.9542403,93.115438108484,115.58,0.2509084616715749,717.9968189857713,False,Insufficient Data
2025-12-06,METTUR,115.87,2464556743.1347203,9123280.209351476,3432545.4904049668,2646775650.9542403,93.115438108484,115.87,0.0,717.9968189857713,False,Rising
2025-12-07,METTUR,116.15,2476648036.629504,9632167.922825627,3432545.4904049668,2646775650.9542403,93.57226917727613,115.87,0.24165012514024434,721.5193632691851,False,Rising
2025-12-08,METTUR,116.21,2479253186.5159683,10476236.486039963,7305474.579008717,2646775650.9542403,93.67069648015406,116.15,0.0516573396469979,339.3692168390762,False,Rising
2025-12-09,METTUR,116.23,2480102691.913728,9739817.246829774,8325696.581502567,2646775650.9542403,93.70279233978816,116.21,0.017210222872395004,297.8853081703508,False,Rising
2025-12-10,METTUR,116.22,2479677939.214848,8462704.8120533,8323250.005957019,2646775650.9542403,93.6867444099711,116.23,-0.008603630732173377,297.92183791669385,False,Rising
2025-12-11,METTUR,116.01,2470559914.612224,5888907.338135962,14442135.445374567,2646775650.9542403,93.34224884989835,116.22,-0.18069179143004108,171.066108883744,False,Stable
2025-12-12,METTUR,115.77,2460280899.2993283,5950071.726774682,15662976.642603418,2646775650.9542403,92.95388894832567,116.01,-0.20687871735196026,157.07620303840238,False,Stable
2025-12-13,METTUR,115.77,2460280899.2993283,5950071.726774682,15662976.642603418,2646775650.9542403,92.95388894832567,115.77,0.0,157.07620303840238,False,Stable
2025-12-14,METTUR,115.77,2460280899.2993283,5950071.726774682,15662976.642603418,2646775650.9542403,92.95388894832567,115.77,0.0,157.07620303840238,False,Stable
2025-12-15,METTUR,114.63,2411575923.161088,5069304.530377114,23616793.74118257,2646775650.9542403,91.11372632930352,115.77,-0.9847110650427577,102.11275711638292,False,Falling
2025-12-16,METTUR,114.15,2391244427.308032,4462553.795081012,24228437.62756977,2646775650.9542403,90.34556542206055,114.63,-0.41873855011776134,98.69577494287178,False,Falling
2025-12-17,METTUR,113.67,2371082832.5345283,4602008.601177293,24225991.05202422,2646775650.9542403,89.58382368674441,114.15,-0.42049934296978003,97.87351227211862,False,Falling
2025-12-18,METTUR,113.16,2349731930.20416,3415419.461586125,24228437.62756977,2646775650.9542403,88.7771477479405,113.67,-0.44866719451042936,96.98239590696421,False,Falling
2025-12-19,METTUR,112.65,2328522612.106752,3557320.8432279555,24228437.62756977,2646775650.9542403,87.97582111907562,113.16,-0.45068928950158266,96.10700648138797,False,Falling
2025-12-20,METTUR,112.65,2328522612.106752,3557320.8432279555,24228437.62756977,2646775650.9542403,87.97582111907562,112.65,0.0,96.10700648138797,False,Falling
2025-12-21,METTUR,112.65,2328522612.106752,3557320.8432279555,24228437.62756977,2646775650.9542403,87.97582111907562,112.65,0.0,96.10700648138797,False,Falling
2025-12-22,METTUR,110.43,2237653851.393024,2505293.3586419714,35238027.58253937,2646775650.9542403,84.54263400021395,112.65,-1.9707057256990668,63.501109593937464,False,Falling
2025-12-23,METTUR,109.72,2209082153.181696,1700370.004156416,29733232.60505457,2646775650.9542403,83.46314325452016,110.43,-0.6429412297383029,74.29673666919614,False,Falling
2025-12-24,METTUR,109.72,2209082153.181696,1700370.004156416,29733232.60505457,2646775650.9542403,83.46314325452016,109.72,0.0,74.29673666919614,False,Falling
2025-11-30,Manimuthar,107.72,127482443.35718401,1634312.4644265985,1174356.261863424,156054141.56851202,81.69116312828886,,,108.55516975308643,False,Insufficient Data
2025-12-01,Manimuthar,107.67,127340859.124224,878320.6208520193,1174356.261863424,156054141.56851202,81.60043549265106,107.72,-0.04641663572224021,108.4346064814815,False,Insufficient Data
2025-12-02,Manimuthar,107.45,126746205.34579201,614090.4619327488,1174356.261863424,156054141.56851202,81.21937942297224,107.67,-0.2043280393795847,107.92824074074075,False,Insufficient Data
2025-12-03,Manimuthar,107.28,126293135.80032001,746205.5413923841,1174356.261863424,156054141.56851202,80.92905098893122,107.45,-0.15821312238250507,107.54243827160495,False,Insufficient Data
2025-12-04,Manimuthar,107.28,126293135.80032001,746205.5413923841,1174356.261863424,156054141.56851202,80.92905098893122,107.28,0.0,107.54243827160495,False,Insufficient Data
2025-12-05,Manimuthar,106.88,125245412.476416,614090.4619327488,1174356.261863424,156054141.56851202,80.25766648521139,107.28,-0.3728560775540694,106.6502700617284,False,Insufficient Data
2025-12-06,Manimuthar,106.88,125245412.476416,614090.4619327488,1174356.261863424,156054141.56851202,80.25766648521139,106.88,0.0,106.6502700617284,False,Falling
2025-12-07,Manimuthar,106.86,125188778.783232,1066706.9378592768,1174356.261863424,156054141.56851202,80.22137543095627,106.88,-0.018712574850295677,106.60204475308643,False,Falling
2025-12-08,Manimuthar,107.17,126009967.33440001,2023317.9761688577,1174356.261863424,156054141.56851202,80.7475957176556,106.86,0.2900991952086864,107.30131172839508,False,Stable
2025-12-09,Manimuthar,107.39,126604621.11283201,1783553.5727050754,1174356.261863424,156054141.56851202,81.12865178733442,107.17,0.20528132873005397,107.80767746913581,False,Stable
2025-12-10,Manimuthar,107.4,126632937.959424,1225734.348319949,1174356.261863424,156054141.56851202,81.14679731446198,107.39,0.009311853990134199,107.8317901234568,False,Stable
2025-12-11,Manimuthar,107.38,126576304.26624,1144997.3553168385,1174356.261863424,156054141.56851202,81.11050626020685,107.4,-0.018621973929246027,107.78356481481482,False,Stable
2025-12-12,Manimuthar,107.28,126293135.80032001,932145.2828540929,1174356.261863424,156054141.56851202,80.92905098893122,107.38,-0.09312721177127428,107.54243827160495,False,Stable
2025-12-13,Manimuthar,107.28,126293135.80032001,932145.2828540929,1174356.261863424,156054141.56851202,80.92905098893122,107.28,0.0,107.54243827160495,False,Stable
2025-12-14,Manimuthar,107.28,126293135.80032001,932145.2828540929,1174356.261863424,156054141.56851202,80.92905098893122,107.28,0.0,107.54243827160495,False,Stable
2025-12-15,Manimuthar,106.74,124877293.47072001,636109.6418426881,1223287.7727744002,156054141.56851202,80.02177463255306,107.28,-0.5033557046979924,102.08333333333333,False,Falling
2025-12-16,Manimuthar,106.53,124310956.53888,689934.3038447617,1223287.7727744002,156054141.56851202,79.6588640900018,106.74,-0.19673974142776257,101.62037037037035,False,Falling
2025-12-17,Manimuthar,106.72,124820659.777536,765778.1457567745,146794.532732928,156054141.56851202,79.98548357829794,106.53,0.1783535154416575,850.3086419753087,False,Falling
2025-12-18,Manimuthar,108.08,128445216.141312,2407430.3368200194,146794.532732928,156054141.56851202,82.30811105062601,106.72,1.274362818590704,875.0,False,Rising
2025-12-19,Manimuthar,108.63,129889375.317504,1634312.4644265985,146794.532732928,156054141.56851202,83.23353293413173,108.08,0.5088823094004414,884.837962962963,False,Rising
2025-12-20,Manimuthar,108.63,129889375.317504,1634312.4644265985,146794.532732928,156054141.56851202,83.23353293413173,108.63,0.0,884.837962962963,False,Rising
2025-12-21,Manimuthar,108.63,129889375.317504,1634312.4644265985,146794.532732928,156054141.56851202,83.23353293413173,108.63,0.0,884.837962962963,False,Rising
2025-12-22,Manimuthar,109.02,130937098.64140801,685041.1527536641,990863.0959472641,156054141.56851202,83.90491743785157,108.63,0.35901684617509033,132.14449016918152,False,Rising
2025-12-23,Manimuthar,108.98,130823831.25504,800030.2033944577,880767.1963975681,156054141.56851202,83.8323353293413,109.02,-0.0366905155017355,148.53395061728395,False,Rising
2025-12-24,Manimuthar,108.98,130823831.25504,800030.2033944577,880767.1963975681,156054141.56851202,83.8323353293413,108.98,0.0,148.53395061728395,False,Rising
2025-11-30,Papanasam (TN EB Dam),134.55,141102846.567936,3202567.3891233793,5147594.947834675,155742656.256,90.6,,,27.41141212505281,False,Insufficient Data
2025-12-01,Papanasam (TN EB Dam),133.2,138809181.993984,1900989.1988914178,4474786.672808755,155742656.256,89.12727272727274,134.55,-1.003344481605368,31.0202903833303,False,Insufficient Data
2025-12-02,Papanasam (TN EB Dam),132.35,137365022.817792,1722389.1840663552,4474786.672808755,155742656.256,88.19999999999999,133.2,-0.6381381381381339,30.69755786404228,False,Insufficient Data
2025-12-03,Papanasam (TN EB Dam),131.3,135581061.482496,1311364.492414157,4474786.672808755,155742656.256,87.05454545454543,132.35,-0.7933509633547284,30.29888828139238,False,Insufficient Data
2025-12-04,Papanasam (TN EB Dam),131.3,135581061.482496,1311364.492414157,4474786.672808755,155742656.256,87.05454545454543,131.3,0.0,30.29888828139238,False,Insufficient Data
2025-12-05,Papanasam (TN EB Dam),129.15,131984821.965312,1521769.9893313537,3669863.3183232,155742656.256,84.74545454545455,131.3,-1.6374714394516419,35.964506172839506,False,Insufficient Data
2025-12-06,Papanasam (TN EB Dam),129.15,131984821.965312,1521769.9893313537,3669863.3183232,155742656.256,84.74545454545455,129.15,0.0,35.964506172839506,False,Falling
2025-12-07,Papanasam (TN EB Dam),128.15,130314128.016384,2869833.1149287424,3669863.3183232,155742656.256,83.67272727272727,129.15,-0.7742934572202865,35.50925925925926,False,Falling
2025-12-08,Papanasam (TN EB Dam),128.4,130738880.715264,4019723.6213366785,2079589.2137164802,155742656.256,83.94545454545454,128.15,0.19508388607101051,62.86764705882353,False,Falling
2025-12-09,Papanasam (TN EB Dam),128.25,130484029.095936,2857600.2372009987,2079589.2137164802,155742656.256,83.78181818181818,128.4,-0.11682242990654647,62.745098039215684,False,Falling
2025-12-10,Papanasam (TN EB Dam),127.95,129974325.85728,2045337.1560787968,2079589.2137164802,155742656.256,83.45454545454545,128.25,-0.23391812865496855,62.49999999999999,False,Falling
2025-12-11,Papanasam (TN EB Dam),127.75,129634523.69817601,1923008.378801357,1223287.7727744002,155742656.256,83.23636363636365,127.95,-0.156311059007427,105.97222222222221,False,Falling
2025-12-12,Papanasam (TN EB Dam),127.4,129068186.76633601,1206161.7439555584,1223287.7727744002,155742656.256,82.87272727272727,127.75,-0.27397260273972157,105.50925925925925,False,Falling
2025-12-13,Papanasam (TN EB Dam),127.4,129068186.76633601,1206161.7439555584,1223287.7727744002,155742656.256,82.87272727272727,127.4,0.0,105.50925925925925,False,Falling
2025-12-14,Papanasam (TN EB Dam),127.4,129068186.76633601,1206161.7439555584,1223287.7727744002,155742656.256,82.87272727272727,127.4,0.0,105.50925925925925,False,Falling
2025-12-15,Papanasam (TN EB Dam),126.9,128218681.368576,1142550.7797712898,2446575.5455488004,155742656.256,82.32727272727273,127.4,-0.39246467817896385,52.407407407407405,False,Falling
2025-12-16,Papanasam (TN EB Dam),126.45,127482443.35718401,790243.9012122625,2446575.5455488004,155742656.256,81.85454545454546,126.9,-0.35460992907801636,52.106481481481474,False,Falling
2025-12-17,Papanasam (TN EB Dam),125.85,126491353.726464,2055123.458260992,1957260.4364390401,155742656.256,81.21818181818182,126.45,-0.4744958481613353,64.62673611111111,False,Falling
2025-12-18,Papanasam (TN EB Dam),128.2,130399078.55616,7351959.514374144,1223287.7727744002,155742656.256,83.72727272727273,125.85,1.8673023440603849,106.59722222222221,False,Rising
2025-12-19,Papanasam (TN EB Dam),128.9,131560069.266432,2064909.7604431873,1223287.7727744002,155742656.256,84.47272727272727,128.2,0.5460218408736484,107.54629629629628,False,Rising
2025-12-20,Papanasam (TN EB Dam),128.9,131560069.266432,2064909.7604431873,1223287.7727744002,155742656.256,84.47272727272727,128.9,0.0,107.54629629629628,False,Rising
2025-12-21,Papanasam (TN EB Dam),128.9,131560069.266432,2064909.7604431873,1223287.7727744002,155742656.256,84.47272727272727,128.9,0.0,107.54629629629628,False,Rising
2025-12-22,Papanasam (TN EB Dam),129.05,131814920.88576001,1093619.2688603136,1957260.4364390401,155742656.256,84.63636363636363,128.9,0.11636927851047764,67.34664351851852,False,Rising
2025-12-23,Papanasam (TN EB Dam),128.95,131645019.80620801,1147443.9308623872,1957260.4364390401,155742656.256,84.52727272727273,129.05,-0.07748934521505055,67.25983796296296,False,Rising
2025-12-24,Papanasam (TN EB Dam),128.95,131645019.80620801,1147443.9308623872,1957260.4364390401,155742656.256,84.52727272727273,128.95,0.0,67.25983796296296,False,Rising
2025-11-30,Parambikulam,70.63,372083364.21888,2740164.6110146563,2324246.76827136,380974854.04876804,97.66612159952429,,,160.08771929824562,False,Insufficient Data
2025-12-01,Parambikulam,70.7,372536433.764352,2541991.9918252034,2446575.5455488004,380974854.04876804,97.78504533967592,70.63,0.09910802775025825,152.2685185185185,False,Insufficient Data
2025-12-02,Parambikulam,70.75,372847919.076864,2862493.388292096,2519972.811915264,380974854.04876804,97.86680541103017,70.7,0.0707213578500667,147.9571197411003,False,Insufficient Data
2025-12-03,Parambikulam,70.8,373159404.38937604,2742611.186560205,2397644.034637824,380974854.04876804,97.94856548238442,70.75,0.07067137809186878,155.63586545729405,False,Insufficient Data
2025-12-04,Parambikulam,70.8,373159404.38937604,2742611.186560205,2397644.034637824,380974854.04876804,97.94856548238442,70.8,0.0,155.63586545729405,False,Insufficient Data
2025-12-05,Parambikulam,70.57,371686928.36659205,1382315.183235072,2519972.811915264,380974854.04876804,97.56206332689163,70.8,-0.3248587570621525,147.49640417116146,False,Insufficient Data
2025-12-06,Parambikulam,70.57,371686928.36659205,1382315.183235072,2519972.811915264,380974854.04876804,97.56206332689163,70.57,0.0,147.49640417116146,False,Stable
2025-12-07,Parambikulam,70.0,368005738.309632,1304024.7657775106,2568904.32282624,380974854.04876804,96.59580793815965,70.57,-0.8077086580699918,143.25396825396825,False,Falling
2025-12-08,Parambikulam,69.8,366731480.212992,1289345.3125042177,2544438.5673707523,380974854.04876804,96.2613349189832,70.0,-0.2857142857142898,144.13060897435895,False,Falling
2025-12-09,Parambikulam,69.63,365655440.042496,1622079.5866988546,2568904.32282624,380974854.04876804,95.97889103612309,69.8,-0.24355300859599097,142.33906525573192,False,Falling
2025-12-10,Parambikulam,69.51,364890885.184512,1822698.781433856,2568904.32282624,380974854.04876804,95.7782072246172,69.63,-0.17233950883238597,142.04144620811286,False,Falling
2025-12-11,Parambikulam,69.42,364296231.40608,1952367.2853479425,2568904.32282624,380974854.04876804,95.6221198156682,69.51,-0.1294777729823096,141.8099647266314,False,Falling
2025-12-12,Parambikulam,69.32,363673260.78105605,1878970.0189814786,2495507.056459776,380974854.04876804,95.45859967295972,69.42,-0.14405070584847093,145.7312091503268,False,Falling
2025-12-13,Parambikulam,69.32,363673260.78105605,1878970.0189814786,2495507.056459776,380974854.04876804,95.45859967295972,69.32,0.0,145.7312091503268,False,Falling
2025-12-14,Parambikulam,69.32,363673260.78105605,1878970.0189814786,2495507.056459776,380974854.04876804,95.45859967295972,69.32,0.0,145.7312091503268,False,Stable
2025-12-15,Parambikulam,69.03,361804348.90598404,1727282.3351574528,1321150.7945963521,380974854.04876804,94.96803924483424,69.32,-0.4183496826312638,273.8554526748971,False,Falling
2025-12-16,Parambikulam,69.17,362710487.99692804,1597613.8312433665,366986.33183232,380974854.04876804,95.2058867251375,69.03,0.20281037230189852,988.3487654320988,False,Stable
2025-12-17,Parambikulam,69.22,363021973.30944,711953.4837547009,366986.33183232,380974854.04876804,95.28764679649174,69.17,0.07228567297961133,989.1975308641975,False,Stable
2025-12-18,Parambikulam,69.22,363021973.30944,636109.6418426881,611643.8863872001,380974854.04876804,95.28764679649174,69.22,0.0,593.5185185185185,False,Stable
2025-12-19,Parambikulam,69.14,362512270.07078403,611643.8863872001,611643.8863872001,380974854.04876804,95.15385758882117,69.22,-0.11557353366078921,592.6851851851851,False,Stable
2025-12-20,Parambikulam,69.14,362512270.07078403,611643.8863872001,611643.8863872001,380974854.04876804,95.15385758882117,69.14,0.0,592.6851851851851,False,Stable
2025-12-21,Parambikulam,69.14,362512270.07078403,611643.8863872001,611643.8863872001,380974854.04876804,95.15385758882117,69.14,0.0,592.6851851851851,False,Stable
2025-12-22,Parambikulam,69.09,362172467.91168004,758438.419120128,733972.66366464,380974854.04876804,95.06466478370746,69.14,-0.07231703789412375,493.4413580246914,False,Stable
2025-12-23,Parambikulam,69.08,362115834.218496,636109.6418426881,672808.27502592,380974854.04876804,95.04979931618848,69.09,-0.014473874656252881,538.2154882154882,False,Stable
2025-12-24,Parambikulam,69.08,362115834.218496,636109.6418426881,672808.27502592,380974854.04876804,95.04979931618848,69.08,0.0,538.2154882154882,False,Stable
2025-11-30,Pechiparai,43.29,103583024.833536,1047134.3334948865,1348063.125597389,123178282.6752,84.0919540229885,,,76.8384082812395,False,Insufficient Data
2025-12-01,Pechiparai,43.3,103611341.68012801,1181695.9885000705,731526.0881190912,123178282.6752,84.11494252873564,43.29,0.023100023100018505,141.6372476155085,False,Insufficient Data
2025-12-02,Pechiparai,43.35,103837876.452864,1191482.2906822658,1096065.8444058625,123178282.6752,84.29885057471265,43.3,0.11547344110855488,94.73689649470899,False,Insufficient Data
2025-12-03,Pechiparai,43.55,104630748.15744,1947474.1342568449,1096065.8444058625,123178282.6752,84.9425287356322,43.35,0.4613610149942231,95.46027612433862,False,Insufficient Data
2025-12-04,Pechiparai,43.55,104630748.15744,1947474.1342568449,1096065.8444058625,123178282.6752,84.9425287356322,43.55,0.0,95.46027612433862,False,Insufficient Data
2025-12-05,Pechiparai,43.47,104319262.84492801,1521769.9893313537,1710156.3063386113,123178282.6752,84.68965517241381,43.55,-0.18369690011480666,60.9998410427595,False,Insufficient Data
2025-12-06,Pechiparai,43.47,104319262.84492801,1521769.9893313537,1710156.3063386113,123178282.6752,84.68965517241381,43.47,0.0,60.9998410427595,False,Stable
2025-12-07,Pechiparai,43.29,103583024.833536,1389654.9098717184,1710156.3063386113,123178282.6752,84.0919540229885,43.47,-0.4140786749482395,60.56933184973242,False,Stable
2025-12-08,Pechiparai,43.14,102988371.055104,1147443.9308623872,1710156.3063386113,123178282.6752,83.60919540229885,43.29,-0.3465003465003432,60.22161288613363,False,Stable
2025-12-09,Pechiparai,43.04,102563618.356224,1350509.7011429376,1710156.3063386113,123178282.6752,83.26436781609196,43.14,-0.23180343069077752,59.973242197848776,False,Falling
2025-12-10,Pechiparai,42.86,101855697.19142401,1037348.0313126913,1710156.3063386113,123178282.6752,82.68965517241381,43.04,-0.418215613382899,59.559291050707365,False,Falling
2025-12-11,Pechiparai,42.68,101147776.02662401,1039794.6068582401,1710156.3063386113,123178282.6752,82.11494252873564,42.86,-0.4199720018665416,59.14533990356594,False,Falling
2025-12-12,Pechiparai,42.43,100156686.395904,841621.9876687872,1847164.5368893442,123178282.6752,81.3103448275862,42.68,-0.5857544517338332,54.221854304635755,False,Falling
2025-12-13,Pechiparai,42.43,100156686.395904,841621.9876687872,1847164.5368893442,123178282.6752,81.3103448275862,42.43,0.0,54.221854304635755,False,Falling
2025-12-14,Pechiparai,42.43,100156686.395904,841621.9876687872,1847164.5368893442,123178282.6752,81.3103448275862,42.43,0.0,54.221854304635755,False,Falling
2025-12-15,Pechiparai,41.91,98089556.59468801,1259986.405957632,1847164.5368893442,123178282.6752,79.63218390804599,42.43,-1.2255479613481102,53.102771645818,False,Falling
2025-12-16,Pechiparai,41.84,97806388.12876801,1218394.6216833026,1345616.55005184,123178282.6752,79.40229885057472,41.91,-0.16702457647337912,72.68518518518519,False,Falling
2025-12-17,Pechiparai,41.77,97551536.50944,1113191.873224704,1345616.55005184,123178282.6752,79.19540229885058,41.84,-0.16730401529636776,72.49579124579125,False,Falling
2025-12-18,Pechiparai,41.93,98174507.13446401,545586.3466573824,1345616.55005184,123178282.6752,79.70114942528737,41.77,0.3830500359109327,72.95875420875421,False,Stable
2025-12-19,Pechiparai,41.88,97976289.20832,1191482.2906822658,1345616.55005184,123178282.6752,79.54022988505749,41.93,-0.11924636298592216,72.81144781144782,False,Falling
2025-12-20,Pechiparai,41.88,97976289.20832,1191482.2906822658,1345616.55005184,123178282.6752,79.54022988505749,41.88,0.0,72.81144781144782,False,Falling
2025-12-21,Pechiparai,41.88,97976289.20832,1191482.2906822658,1345616.55005184,123178282.6752,79.54022988505749,41.88,0.0,72.81144781144782,False,Stable
2025-12-22,Pechiparai,41.68,97183417.503744,995756.2470383616,1345616.55005184,123178282.6752,78.89655172413794,41.88,-0.4775549188156706,72.22222222222223,False,Stable
2025-12-23,Pechiparai,41.6,96871932.19123201,1074046.6644959233,1345616.55005184,123178282.6752,78.64367816091955,41.68,-0.19193857965450647,71.99074074074075,False,Stable
2025-12-24,Pechiparai,41.6,96871932.19123201,1074046.6644959233,1345616.55005184,123178282.6752,78.64367816091955,41.6,0.0,71.99074074074075,False,Stable
2025-11-30,Periyar**,140.2,203314958.53056002,3956112.6571524097,3914520.8728780802,299309068.47744,67.92809839167455,,,51.93865740740741,False,Insufficient Data
2025-12-01,Periyar**,139.7,199633768.4736,2167665.933356237,3914520.8728780802,299309068.47744,66.69820245979187,140.2,-0.3566333808844508,50.998263888888886,False,Insufficient Data
2025-12-02,Periyar**,139.45,197849807.13830402,2165219.357810688,3914520.8728780802,299309068.47744,66.10217596972565,139.7,-0.1789549033643522,50.54253472222223,False,Insufficient Data
2025-12-03,Periyar**,139.2,196065845.80300802,2162772.7822651393,3914520.8728780802,299309068.47744,65.50614947965943,139.45,-0.1792757260666906,50.08680555555556,False,Insufficient Data
2025-12-04,Periyar**,139.2,196065845.80300802,2162772.7822651393,3914520.8728780802,299309068.47744,65.50614947965943,139.2,0.0,50.08680555555556,False,Insufficient Data
2025-12-05,Periyar**,139.1,195357924.638208,2806222.1507444736,3425205.7637683204,299309068.47744,65.26963103122043,139.2,-0.07183908045976603,57.035383597883595,False,Insufficient Data
2025-12-06,Periyar**,139.1,195357924.638208,2806222.1507444736,3425205.7637683204,299309068.47744,65.26963103122043,139.1,0.0,57.035383597883595,False,Falling
2025-12-07,Periyar**,138.7,192497923.132416,2527312.538551911,3914520.8728780802,299309068.47744,64.31409649952697,139.1,-0.2875629043853384,49.17534722222222,False,Falling
2025-12-08,Periyar**,138.4,190374159.63801602,1812912.4792516609,3914520.8728780802,299309068.47744,63.60454115421004,138.7,-0.21629416005766616,48.6328125,False,Falling
2025-12-09,Periyar**,138.1,188222079.297024,1815359.0547972098,3914520.8728780802,299309068.47744,62.88552507095554,138.4,-0.21676300578035504,48.08304398148148,False,Falling
2025-12-10,Periyar**,137.75,185730196.79692802,1458159.0251470848,3914520.8728780802,299309068.47744,62.052980132450344,138.1,-0.25343953656770046,47.44646990740741,False,Falling
2025-12-11,Periyar**,137.3,182530393.132032,746205.5413923841,3914520.8728780802,299309068.47744,60.98391674550615,137.75,-0.32667876588020955,46.629050925925924,False,Falling
2025-12-12,Periyar**,136.85,179302272.62054402,741312.3903012865,3914520.8728780802,299309068.47744,59.90539262062441,137.3,-0.32774945375092285,45.80439814814815,False,Falling
2025-12-13,Periyar**,136.85,179302272.62054402,741312.3903012865,3914520.8728780802,299309068.47744,59.90539262062441,136.85,0.0,45.80439814814815,False,Falling
2025-12-14,Periyar**,136.85,179302272.62054402,741312.3903012865,3914520.8728780802,299309068.47744,59.90539262062441,136.85,0.0,45.80439814814815,False,Falling
2025-12-15,Periyar**,135.7,171090387.108864,1098512.4199514112,3914520.8728780802,299309068.47744,57.161778618732264,136.85,-0.8403361344537856,43.70659722222222,False,Falling
2025-12-16,Periyar**,135.3,168258702.449664,1105852.1465880577,3914520.8728780802,299309068.47744,56.21570482497634,135.7,-0.2947678703021203,42.98321759259259,False,Falling
2025-12-17,Periyar**,134.95,165766819.949568,1465498.7517837314,3914520.8728780802,299309068.47744,55.38315988647115,135.3,-0.25868440502588524,42.34664351851852,False,Falling
2025-12-18,Periyar**,134.55,163133353.21651202,1304024.7657775106,3914520.8728780802,299309068.47744,54.50331125827815,134.95,-0.29640607632454785,41.67390046296297,False,Falling
2025-12-19,Periyar**,134.15,160499886.48345602,1306471.3413230593,3914520.8728780802,299309068.47744,53.62346263008515,134.55,-0.2972872538089972,41.00115740740741,False,Falling
2025-12-20,Periyar**,134.15,160499886.48345602,1306471.3413230593,3914520.8728780802,299309068.47744,53.62346263008515,134.15,0.0,41.00115740740741,False,Falling
2025-12-21,Periyar**,134.15,160499886.48345602,1306471.3413230593,3914520.8728780802,299309068.47744,53.62346263008515,134.15,0.0,41.00115740740741,False,Falling
2025-12-22,Periyar**,133.9,158857509.38112,1286898.7369586688,978630.2182195201,299309068.47744,53.074739829706715,134.15,-0.18635855385762207,162.32638888888889,False,Falling
2025-12-23,Periyar**,133.85,158517707.222016,1426353.5430549504,2446575.5455488004,299309068.47744,52.96121097445601,133.9,-0.03734129947723029,64.79166666666666,False,Falling
2025-12-24,Periyar**,133.85,158517707.222016,1426353.5430549504,2446575.5455488004,299309068.47744,52.96121097445601,133.85,0.0,64.79166666666666,False,Falling
2025-11-30,Perunchani,69.23,61107754.945536,709506.908209152,611643.8863872001,81835686.65088001,74.6712802768166,,,99.90740740740739,False,Insufficient Data
2025-12-01,Perunchani,69.04,60683002.246656,300928.7921025024,611643.8863872001,81835686.65088001,74.1522491349481,69.23,-0.27444749386103956,99.21296296296295,False,Insufficient Data
2025-12-02,Perunchani,68.95,60484784.320512004,650789.0951159808,856301.4409420801,81835686.65088001,73.91003460207612,69.04,-0.13035921205098985,70.63492063492063,False,Insufficient Data
2025-12-03,Perunchani,68.8,60144982.16140801,543139.7711118336,856301.4409420801,81835686.65088001,73.49480968858131,68.95,-0.21754894851342377,70.23809523809524,False,Insufficient Data
2025-12-04,Perunchani,68.8,60144982.16140801,543139.7711118336,856301.4409420801,81835686.65088001,73.49480968858131,68.8,0.0,70.23809523809524,False,Insufficient Data
2025-12-05,Perunchani,68.58,59635278.922752,521120.59120189445,856301.4409420801,81835686.65088001,72.87197231833909,68.8,-0.31976744186046346,69.64285714285714,False,Insufficient Data
2025-12-06,Perunchani,68.58,59635278.922752,521120.59120189445,856301.4409420801,81835686.65088001,72.87197231833909,68.58,0.0,69.64285714285714,False,Falling
2025-12-07,Perunchani,68.24,58870724.064768,521120.59120189445,856301.4409420801,81835686.65088001,71.93771626297577,68.58,-0.49577136191309923,68.75,False,Falling
2025-12-08,Perunchani,68.03,58389337.672704004,408578.1161066496,856301.4409420801,81835686.65088001,71.34948096885813,68.24,-0.3077373974208584,68.18783068783068,False,Falling
2025-12-09,Perunchani,67.78,57823000.740864,425704.14492549124,978630.2182195201,81835686.65088001,70.65743944636678,68.03,-0.36748493311774216,59.085648148148145,False,Falling
2025-12-10,Perunchani,67.5,57200030.11584,371879.48292341764,978630.2182195201,81835686.65088001,69.89619377162629,67.78,-0.4131012097964018,58.449074074074076,False,Falling
2025-12-11,Perunchani,67.24,56605376.337408006,415917.842743296,978630.2182195201,81835686.65088001,69.16955017301038,67.5,-0.3851851851851928,57.84143518518519,False,Falling
2025-12-12,Perunchani,67.0,56067356.252160005,391452.087287808,856301.4409420801,81835686.65088001,68.5121107266436,67.24,-0.3569303985722708,65.47619047619047,False,Falling
2025-12-13,Perunchani,67.0,56067356.252160005,391452.087287808,856301.4409420801,81835686.65088001,68.5121107266436,67.0,0.0,65.47619047619047,False,Falling
2025-12-14,Perunchani,67.0,56067356.252160005,391452.087287808,856301.4409420801,81835686.65088001,68.5121107266436,67.0,0.0,65.47619047619047,False,Falling
2025-12-15,Perunchani,66.24,54340028.610048,293589.065465856,856301.4409420801,81835686.65088001,66.40138408304497,67.0,-1.134328358208963,63.4589947089947,False,Falling
2025-12-16,Perunchani,65.96,53717057.985024005,249550.7056459776,856301.4409420801,81835686.65088001,65.6401384083045,66.24,-0.4227053140096636,62.73148148148148,False,Falling
2025-12-17,Perunchani,65.66,53037453.666816,203065.7702805504,856301.4409420801,81835686.65088001,64.80968858131487,65.96,-0.45482110369920736,61.93783068783068,False,Falling
2025-12-18,Perunchani,65.42,52499433.581568,340074.0008312832,856301.4409420801,81835686.65088001,64.1522491349481,65.66,-0.36551934206517656,61.3095238095238,False,Falling
2025-12-19,Perunchani,65.32,52272898.808832005,227531.52573603843,366986.33183232,81835686.65088001,63.87543252595156,65.42,-0.15285845307246795,142.43827160493828,False,Falling
2025-12-20,Perunchani,65.32,52272898.808832005,227531.52573603843,366986.33183232,81835686.65088001,63.87543252595156,65.32,0.0,142.43827160493828,False,Falling
2025-12-21,Perunchani,65.32,52272898.808832005,227531.52573603843,366986.33183232,81835686.65088001,63.87543252595156,65.32,0.0,142.43827160493828,False,Falling
2025-12-22,Perunchani,65.04,51621611.337216005,53824.6620020736,366986.33183232,81835686.65088001,63.0795847750865,65.32,-0.4286589099816089,140.6635802469136,False,Falling
2025-12-23,Perunchani,64.79,51055274.405376,225084.95019048962,856301.4409420801,81835686.65088001,62.38754325259516,65.04,-0.38437884378843784,59.623015873015866,False,Falling
2025-12-24,Perunchani,64.79,51055274.405376,225084.95019048962,856301.4409420801,81835686.65088001,62.38754325259516,64.79,0.0,59.623015873015866,False,Falling
2025-11-30,Sathanur,115.55,185758513.64352,1438586.4207826946,2324246.76827136,207307633.900032,89.60524518508399,,,79.92202729044834,False,Insufficient Data
2025-12-01,Sathanur,115.3,184229403.927552,1100958.9954969601,195726.043643904,207307633.900032,88.86764103264582,115.55,-0.21635655560363481,941.2615740740741,False,Insufficient Data
2025-12-02,Sathanur,115.5,185447028.33100802,1218394.6216833026,,207307633.900032,89.45499248736512,115.3,0.17346053772766942,,False,Insufficient Data
2025-12-03,Sathanur,115.7,186664652.73446402,1218394.6216833026,,207307633.900032,90.04234394208441,115.5,0.17316017316017562,,False,Insufficient Data
2025-12-04,Sathanur,115.7,186664652.73446402,1218394.6216833026,,207307633.900032,90.04234394208441,115.7,0.0,,False,Insufficient Data
2025-12-05,Sathanur,116.05,188816733.07545602,934591.8583996417,,207307633.900032,91.08045348996039,115.7,0.3025064822817583,,False,Insufficient Data
2025-12-06,Sathanur,116.05,188816733.07545602,934591.8583996417,,207307633.900032,91.08045348996039,116.05,0.0,,False,Stable
2025-12-07,Sathanur,116.4,190968813.416448,934591.8583996417,,207307633.900032,92.11856303783635,116.05,0.30159414045670707,,False,Rising
2025-12-08,Sathanur,116.55,191903269.353984,934591.8583996417,,207307633.900032,92.56932113099303,116.4,0.12886597938143596,,False,Rising
2025-12-09,Sathanur,116.75,193149210.604032,1247753.528229888,,207307633.900032,93.1703319218686,116.55,0.17160017160017405,,False,Rising
2025-12-10,Sathanur,116.95,194366835.007488,1218394.6216833026,,207307633.900032,93.75768337658789,116.75,0.1713062098501095,,False,Rising
2025-12-11,Sathanur,117.1,195301290.945024,934591.8583996417,,207307633.900032,94.20844146974457,116.95,0.12825994014535397,,False,Rising
2025-12-12,Sathanur,117.25,196264063.72915202,963950.7649462273,,207307633.900032,94.67285889905752,117.1,0.12809564474808344,,False,Rising
2025-12-13,Sathanur,117.25,196264063.72915202,963950.7649462273,,207307633.900032,94.67285889905752,117.25,0.0,,False,Rising
2025-12-14,Sathanur,117.25,196264063.72915202,963950.7649462273,,207307633.900032,94.67285889905752,117.25,0.0,,False,Rising
2025-12-15,Sathanur,117.6,198444460.916736,623876.764114944,,207307633.900032,95.72462778308974,117.25,0.2985074626865623,,False,Rising
2025-12-16,Sathanur,117.7,199067431.54176,623876.764114944,,207307633.900032,96.02513317852751,117.6,0.08503401360544943,,False,Rising
2025-12-17,Sathanur,117.85,200030204.325888,,,207307633.900032,96.48955060784046,117.7,0.12744265080712955,,False,Rising
2025-12-18,Sathanur,118.0,200964660.263424,934591.8583996417,,207307633.900032,96.94030870099712,117.85,0.12728044123886778,,False,Rising
2025-12-19,Sathanur,118.1,201587630.888448,623876.764114944,,207307633.900032,97.2408140964349,118.0,0.08474576271185959,,False,Rising
2025-12-20,Sathanur,118.1,201587630.888448,623876.764114944,,207307633.900032,97.2408140964349,118.1,0.0,,False,Rising
2025-12-21,Sathanur,118.1,201587630.888448,623876.764114944,,207307633.900032,97.2408140964349,118.1,0.0,,False,Stable
2025-12-22,Sathanur,118.5,204136147.081728,1274665.8592309249,,207307633.900032,98.47015435049856,118.1,0.33869602032176604,,False,Rising
2025-12-23,Sathanur,118.6,204759117.706752,623876.764114944,,207307633.900032,98.77065974593634,118.5,0.08438818565400363,,False,Rising
2025-12-24,Sathanur,118.6,204759117.706752,623876.764114944,,207307633.900032,98.77065974593634,118.6,0.0,,False,Rising
2025-11-30,Sholayar,140.4,113437287.44755201,159027.41046067202,2348712.523726848,142886807.903232,79.38961553705906,,,48.29764660493828,False,Insufficient Data
2025-12-01,Sholayar,135.87,107179264.35072,391452.087287808,2358498.825909043,142886807.903232,75.0099088386841,140.4,-3.226495726495727,45.443848931919476,False,Insufficient Data
2025-12-02,Sholayar,134.4,105197085.08928001,374326.05846896645,2360945.401454592,142886807.903232,73.62267142290924,135.87,-1.0819165378670779,44.55718672039916,False,Insufficient Data
2025-12-03,Sholayar,133.57,104092728.07219201,437937.02265323524,1531556.291513549,142886807.903232,72.84978200554896,134.4,-0.617559523809533,67.9653295467992,False,Insufficient Data
2025-12-04,Sholayar,133.57,104092728.07219201,437937.02265323524,1531556.291513549,142886807.903232,72.84978200554896,133.57,0.0,67.9653295467992,False,Insufficient Data
2025-12-05,Sholayar,133.98,104659065.004032,538246.620020736,366986.33183232,142886807.903232,73.24613555291319,133.57,0.3069551546005814,285.18518518518516,False,Insufficient Data
2025-12-06,Sholayar,133.98,104659065.004032,538246.620020736,366986.33183232,142886807.903232,73.24613555291319,133.98,0.0,285.18518518518516,False,Falling
2025-12-07,Sholayar,133.91,104545797.61766401,327841.1231035392,366986.33183232,142886807.903232,73.16686484344035,133.98,-0.05224660397073681,284.87654320987656,False,Falling
2025-12-08,Sholayar,133.41,103894510.14604801,261783.58337372163,919912.4051263488,142886807.903232,72.71105826397147,133.91,-0.37338510940183706,112.93956855791963,False,Falling
2025-12-09,Sholayar,132.57,102790153.12896001,247104.13010042883,1352956.2766884866,142886807.903232,71.93816884661118,133.41,-0.6296379581740525,75.97448262005224,False,Falling
2025-12-10,Sholayar,131.7,101629162.418688,215298.6480082944,1362742.5788706816,142886807.903232,71.12564407451445,132.57,-0.6562570717356903,74.57693330673582,False,Falling
2025-12-11,Sholayar,130.81,100468171.708416,193279.46809835522,1365189.1544162305,142886807.903232,70.31311930241775,131.7,-0.6757782839787292,73.59285809106598,False,Falling
2025-12-12,Sholayar,129.92,99307180.998144,200619.19473500163,1370082.3055073281,142886807.903232,69.50059453032105,130.81,-0.6803761180338008,72.48263888888889,False,Falling
2025-12-13,Sholayar,129.92,99307180.998144,200619.19473500163,1370082.3055073281,142886807.903232,69.50059453032105,129.92,0.0,72.48263888888889,False,Falling
2025-12-14,Sholayar,129.92,99307180.998144,200619.19473500163,1370082.3055073281,142886807.903232,69.50059453032105,129.92,0.0,72.48263888888889,False,Falling
2025-12-15,Sholayar,127.15,95795892.02073601,242210.9790093312,1426353.5430549504,142886807.903232,67.0432025366627,129.92,-2.1320812807881633,67.16139381233721,False,Falling
2025-12-16,Sholayar,126.21,94634901.31046401,229978.1012815872,1414120.6653272065,142886807.903232,66.230677764566,127.15,-0.7392843098702414,66.92137639369473,False,Falling
2025-12-17,Sholayar,126.0,94351732.84454401,278909.61219256325,540693.1955662848,142886807.903232,66.03250099088388,126.21,-0.16638935108152583,174.5014245014245,False,Falling
2025-12-18,Sholayar,125.87,94181831.764992,251997.28119152642,415917.842743296,142886807.903232,65.91359492667459,126.0,-0.10317460317459956,226.4433551198257,False,Falling
2025-12-19,Sholayar,125.74,94040247.53203201,251997.28119152642,415917.842743296,142886807.903232,65.81450653983354,125.87,-0.10328116310479832,226.1029411764706,False,Falling
2025-12-20,Sholayar,125.74,94040247.53203201,251997.28119152642,415917.842743296,142886807.903232,65.81450653983354,125.74,0.0,226.1029411764706,False,Falling
2025-12-21,Sholayar,125.74,94040247.53203201,251997.28119152642,415917.842743296,142886807.903232,65.81450653983354,125.74,0.0,226.1029411764706,False,Falling
2025-12-22,Sholayar,123.31,93502227.446784,254443.85673707523,415917.842743296,142886807.903232,65.4379706698375,125.74,-1.9325592492444672,224.80936819172115,False,Falling
2025-12-23,Sholayar,125.16,93304009.52064,227531.52573603843,415917.842743296,142886807.903232,65.29924692826,123.31,1.5002838374827623,224.33278867102396,False,Falling
2025-12-24,Sholayar,125.16,93304009.52064,227531.52573603843,415917.842743296,142886807.903232,65.29924692826,125.16,0.0,224.33278867102396,False,Falling
2025-11-30,Thirumurthy,54.95,43239824.745984,1600060.4067889154,2094268.666989773,49384580.456448,87.55733944954129,,,20.646741952232606,False,Insufficient Data
2025-12-01,Thirumurthy,54.27,42418636.194816,2189685.113266176,2427002.94118441,49384580.456448,85.89449541284402,54.95,-1.2374886260236573,17.47778524492234,False,Insufficient Data
2025-12-02,Thirumurthy,54.23,42362002.501632005,2157879.631174042,2192131.688811725,49384580.456448,85.77981651376147,54.27,-0.07370554634237378,19.324570105820108,False,Insufficient Data
2025-12-03,Thirumurthy,54.16,42277051.961856,2167665.933356237,2241063.1997227008,49384580.456448,85.60779816513761,54.23,-0.1290798451041864,18.864729904577068,False,Insufficient Data
2025-12-04,Thirumurthy,54.16,42277051.961856,2167665.933356237,2241063.1997227008,49384580.456448,85.60779816513761,54.16,0.0,18.864729904577068,False,Insufficient Data
2025-12-05,Thirumurthy,54.38,42560220.427776,2184791.9621750787,2079589.2137164802,49384580.456448,86.18119266055045,54.16,0.40620384047268465,20.465686274509803,False,Insufficient Data
2025-12-06,Thirumurthy,54.38,42560220.427776,2184791.9621750787,2079589.2137164802,49384580.456448,86.18119266055045,54.38,0.0,20.465686274509803,False,Falling
2025-12-07,Thirumurthy,54.52,42730121.507328,1827591.9325249537,2050230.3071698945,49384580.456448,86.52522935779817,54.38,0.2574475910261136,20.841620259878017,False,Stable
2025-12-08,Thirumurthy,54.64,42871705.740288004,2152986.480082944,1979279.6163489793,49384580.456448,86.81192660550458,54.52,0.22010271460014205,21.660257290665204,False,Stable
2025-12-09,Thirumurthy,54.8,43041606.81984,2096715.2425353217,1886309.745618125,49384580.456448,87.15596330275228,54.64,0.29282576866763654,22.817889225152516,False,Rising
2025-12-10,Thirumurthy,54.91,43211507.899392,2079589.2137164802,1930348.1054380033,49384580.456448,87.5,54.8,0.20072992700729825,22.385344787119184,False,Rising
2025-12-11,Thirumurthy,55.18,43522993.211904004,2069802.911534285,1722389.1840663552,49384580.456448,88.13073394495413,54.91,0.49171371334912245,25.2689656986532,False,Rising
2025-12-12,Thirumurthy,55.17,43494676.365312,2067356.3359887362,2069802.911534285,49384580.456448,88.07339449541284,55.18,-0.018122508155125065,21.013921723141582,False,Rising
2025-12-13,Thirumurthy,55.17,43494676.365312,2067356.3359887362,2069802.911534285,49384580.456448,88.07339449541284,55.17,0.0,21.013921723141582,False,Rising
2025-12-14,Thirumurthy,55.17,43494676.365312,2067356.3359887362,2069802.911534285,49384580.456448,88.07339449541284,55.17,0.0,21.013921723141582,False,Rising
2025-12-15,Thirumurthy,55.83,44315864.916480005,2138307.0268096514,1629419.313335501,49384580.456448,89.7362385321101,55.17,1.1963023382272913,27.197336225114004,False,Rising
2025-12-16,Thirumurthy,55.24,43607943.75168,929698.7073085441,1629419.313335501,49384580.456448,88.30275229357798,55.83,-1.0567795092244248,26.762873985096206,False,Stable
2025-12-17,Thirumurthy,53.98,42050517.18912,107649.3240041472,1629419.313335501,49384580.456448,85.14908256880733,55.24,-2.2809558291093506,25.807057057057058,False,Falling
2025-12-18,Thirumurthy,53.28,41201011.791360006,225084.95019048962,1064260.362313728,49384580.456448,83.4288990825688,53.98,-1.2967765839199625,38.71328224776501,False,Falling
2025-12-19,Thirumurthy,52.55,40379823.240192,107649.3240041472,1631865.8888810498,49384580.456448,81.76605504587157,53.28,-1.3701201201201276,24.744572158365262,False,Falling
2025-12-20,Thirumurthy,52.55,40379823.240192,107649.3240041472,1631865.8888810498,49384580.456448,81.76605504587157,52.55,0.0,24.744572158365262,False,Falling
2025-12-21,Thirumurthy,52.55,40379823.240192,107649.3240041472,1631865.8888810498,49384580.456448,81.76605504587157,52.55,0.0,24.744572158365262,False,Falling
2025-12-22,Thirumurthy,48.1,35594276.166144,173706.8637339648,1333383.672324096,49384580.456448,72.07568807339449,52.55,-8.468125594671735,26.694699286442404,False,Falling
2025-12-23,Thirumurthy,47.04,34433285.455872,200619.19473500163,1335830.2478696448,49384580.456448,69.72477064220183,48.1,-2.2037422037422085,25.77669244335911,False,Falling
2025-12-24,Thirumurthy,47.04,34433285.455872,200619.19473500163,1335830.2478696448,49384580.456448,69.72477064220183,47.04,0.0,25.77669244335911,False,Falling
2025-11-30,Vaigai,62.43,115646001.481728,3748153.735780762,2126074.1490819072,172477912.591872,67.04974552618617,,,54.39415249541832,False,Insufficient Data
2025-12-01,Vaigai,63.12,119723627.39097601,5049731.926012724,3227033.1445788676,172477912.591872,69.41388934493516,62.43,1.105237866410376,37.10021621318058,False,Insufficient Data
2025-12-02,Vaigai,63.29,120686400.175104,4257041.449254912,3227033.1445788676,172477912.591872,69.97208996880644,63.12,0.2693282636248443,37.39856232274731,False,Insufficient Data
2025-12-03,Vaigai,63.65,122810163.669504,5419164.833390593,3227033.1445788676,172477912.591872,71.20341487440486,63.29,0.5688102385842936,38.05667874090921,False,Insufficient Data
2025-12-04,Vaigai,63.65,122810163.669504,5419164.833390593,3227033.1445788676,172477912.591872,71.20341487440486,63.65,0.0,38.05667874090921,False,Insufficient Data
2025-12-05,Vaigai,63.85,123971154.379776,3293090.684308685,4817307.249185587,172477912.591872,71.876539156132,63.65,0.31421838177533834,25.734533416097662,False,Insufficient Data
2025-12-06,Vaigai,63.85,123971154.379776,3293090.684308685,4817307.249185587,172477912.591872,71.876539156132,63.85,0.0,25.734533416097662,False,Rising
2025-12-07,Vaigai,63.94,124537491.311616,4303526.38462034,3471690.6991337473,172477912.591872,72.20489246429158,63.85,0.1409553641346849,35.872288779265524,False,Rising
2025-12-08,Vaigai,64.01,124933927.16390401,3934093.4772424707,3471690.6991337473,172477912.591872,72.43473978000328,63.94,0.10947763528308944,35.9864797849294,False,Rising
2025-12-09,Vaigai,64.21,126151551.56736001,3828890.7287838724,1881416.5945270273,172477912.591872,73.14069939254638,64.01,0.31245117950318485,67.05136540962289,False,Rising
2025-12-10,Vaigai,64.34,126972740.11852801,4183644.1828884482,3471690.6991337473,172477912.591872,73.61681168937777,64.21,0.20246067590719463,36.573747814057896,False,Rising
2025-12-11,Vaigai,64.37,127199274.891264,3765279.7645996036,3471690.6991337473,172477912.591872,73.74815301264161,64.34,0.046627292508550106,36.63899981729439,False,Rising
2025-12-12,Vaigai,64.24,126378086.34009601,3696775.649324237,4939636.026463027,172477912.591872,73.27204071581022,64.37,-0.20195743358708973,25.58449360702952,False,Stable
2025-12-13,Vaigai,64.24,126378086.34009601,3696775.649324237,4939636.026463027,172477912.591872,73.27204071581022,64.24,0.0,25.58449360702952,False,Stable
2025-12-14,Vaigai,64.24,126378086.34009601,3696775.649324237,4939636.026463027,172477912.591872,73.27204071581022,64.24,0.0,25.58449360702952,False,Stable
2025-12-15,Vaigai,63.16,119921845.31712,2842920.7839277056,4817307.249185587,172477912.591872,69.528813002791,64.24,-1.6811955168119526,24.89395820401407,False,Falling
2025-12-16,Vaigai,62.37,115277882.476032,3449671.5192238083,8487170.567508787,172477912.591872,66.83631587588245,63.16,-1.250791640278656,13.58260465712181,False,Falling
2025-12-17,Vaigai,61.52,110407384.86220801,3679649.6205053953,8487170.567508787,172477912.591872,64.01247742571007,62.37,-1.3628346961680204,13.008738776251029,False,Falling
2025-12-18,Vaigai,60.73,106018273.640448,3518175.6344991745,7753197.903844148,172477912.591872,61.46773928747332,61.52,-1.2841352405721818,13.674134848006732,False,Falling
2025-12-19,Vaigai,59.91,101487578.18572801,2855153.66165545,7263882.794734388,172477912.591872,58.84091282219669,60.73,-1.3502387617322582,13.971533001509426,False,Falling
2025-12-20,Vaigai,59.91,101487578.18572801,2855153.66165545,7263882.794734388,172477912.591872,58.84091282219669,59.91,0.0,13.971533001509426,False,Falling
2025-12-21,Vaigai,59.91,101487578.18572801,2855153.66165545,7263882.794734388,172477912.591872,58.84091282219669,59.91,0.0,13.971533001509426,False,Falling
2025-12-22,Vaigai,56.86,85771728.327168,,3704115.375960883,172477912.591872,49.72910852076834,59.91,-5.090969788015352,23.155792847008172,False,Falling
2025-12-23,Vaigai,56.1,82062221.423616,46484.935365427205,3704115.375960883,172477912.591872,47.5783943523231,56.86,-1.3366162504396728,22.154337296345226,False,Falling
2025-12-24,Vaigai,56.1,82062221.423616,46484.935365427205,3704115.375960883,172477912.591872,47.5783943523231,56.1,0.0,22.154337296345226,False,Falling
