reservoir_name,forecast_date,yhat,yhat_lower,yhat_upper,rain_used_mm,monsoon_applied,mae,rmse
AMARAVATHI*,2025-12-22,84.63,83.83,85.44,0,False,1.09,1.15
AMARAVATHI*,2025-12-23,84.98,83.52,86.45,0,False,1.09,1.15
AMARAVATHI*,2025-12-24,85.25,83.19,87.31,0,False,1.09,1.15
AMARAVATHI*,2025-12-25,85.19,82.61,87.77,0,False,1.09,1.15
AMARAVATHI*,2025-12-26,85.23,82.18,88.27,0,False,1.09,1.15
AMARAVATHI*,2025-12-27,85.23,81.76,88.69,0,False,1.09,1.15
AMARAVATHI*,2025-12-28,85.27,81.42,89.12,0,False,1.09,1.15
Aliyar,2025-12-22,115.62,115.36,115.87,0,False,0.77,0.79
Aliyar,2025-12-23,115.48,115.04,115.92,0,False,0.77,0.79
Aliyar,2025-12-24,115.4,114.79,116.01,0,False,0.77,0.79
Aliyar,2025-12-25,115.32,114.55,116.1,0,False,0.77,0.79
Aliyar,2025-12-26,115.22,114.3,116.15,0,False,0.77,0.79
Aliyar,2025-12-27,115.23,114.17,116.3,0,False,0.77,0.79
Aliyar,2025-12-28,115.24,114.04,116.44,0,False,0.77,0.79
BHAVANISAGAR,2025-12-22,98.63,98.41,98.85,0,False,2.84,2.86
BHAVANISAGAR,2025-12-23,98.11,97.85,98.38,0,False,2.84,2.86
BHAVANISAGAR,2025-12-24,97.61,97.32,97.89,0,False,2.84,2.86
BHAVANISAGAR,2025-12-25,97.14,96.85,97.43,0,False,2.84,2.86
BHAVANISAGAR,2025-12-26,96.72,96.43,97.02,0,False,2.84,2.86
BHAVANISAGAR,2025-12-27,96.72,96.42,97.02,0,False,2.84,2.86
BHAVANISAGAR,2025-12-28,96.71,96.41,97.01,0,False,2.84,2.86
Harangi,2025-12-22,99.94,99.14,100.73,0,False,1.47,1.55
Harangi,2025-12-23,99.6,98.52,100.69,0,False,1.47,1.55
Harangi,2025-12-24,99.38,98.11,100.65,0,False,1.47,1.55
Harangi,2025-12-25,99.32,97.92,100.73,0,False,1.47,1.55
Harangi,2025-12-26,99.06,97.56,100.56,0,False,1.47,1.55
Harangi,2025-12-27,98.98,97.4,100.55,0,False,1.47,1.55
Harangi,2025-12-28,98.82,97.19,100.44,0,False,1.47,1.55
Hemavathy,2025-12-22,101.61,101.12,102.11,0,False,1.4,1.55
Hemavathy,2025-12-23,101.38,100.47,102.3,0,False,1.4,1.55
Hemavathy,2025-12-24,101.28,100.02,102.54,0,False,1.4,1.55
Hemavathy,2025-12-25,101.15,99.6,102.7,0,False,1.4,1.55
Hemavathy,2025-12-26,100.97,99.17,102.76,0,False,1.4,1.55
Hemavathy,2025-12-27,100.97,98.95,102.98,0,False,1.4,1.55
Hemavathy,2025-12-28,100.99,98.78,103.2,0,False,1.4,1.55
Kabini,2025-12-22,56.75,56.69,56.81,0,False,0.09,0.12
Kabini,2025-12-23,56.75,56.66,56.85,0,False,0.09,0.12
Kabini,2025-12-24,56.76,56.63,56.88,0,False,0.09,0.12
Kabini,2025-12-25,56.76,56.61,56.91,0,False,0.09,0.12
Kabini,2025-12-26,56.76,56.58,56.94,0,False,0.09,0.12
Kabini,2025-12-27,56.76,56.56,56.96,0,False,0.09,0.12
Kabini,2025-12-28,56.76,56.54,56.99,0,False,0.09,0.12
Krishna Raja Sagar,2025-12-22,123.36,123.3,123.43,0,False,0.1,0.13
Krishna Raja Sagar,2025-12-23,123.39,123.27,123.51,0,False,0.1,0.13
Krishna Raja Sagar,2025-12-24,123.39,123.22,123.56,0,False,0.1,0.13
Krishna Raja Sagar,2025-12-25,123.39,123.18,123.61,0,False,0.1,0.13
Krishna Raja Sagar,2025-12-26,123.38,123.13,123.64,0,False,0.1,0.13
Krishna Raja Sagar,2025-12-27,123.38,123.09,123.67,0,False,0.1,0.13
Krishna Raja Sagar,2025-12-28,123.37,123.05,123.69,0,False,0.1,0.13
Krishnagiri,2025-12-22,48.45,48.16,48.74,0,False,0.14,0.23
Krishnagiri,2025-12-23,48.45,47.95,48.95,0,False,0.14,0.23
Krishnagiri,2025-12-24,48.45,47.75,49.14,0,False,0.14,0.23
Krishnagiri,2025-12-25,48.45,47.57,49.32,0,False,0.14,0.23
Krishnagiri,2025-12-26,48.45,47.4,49.49,0,False,0.14,0.23
Krishnagiri,2025-12-27,48.45,47.25,49.64,0,False,0.14,0.23
Krishnagiri,2025-12-28,48.45,47.11,49.78,0,False,0.14,0.23
METTUR,2025-12-22,111.2,110.63,111.77,0,False,3.52,3.52
METTUR,2025-12-23,110.61,109.6,111.63,0,False,3.52,3.52
METTUR,2025-12-24,110.04,108.59,111.5,0,False,3.52,3.52
METTUR,2025-12-25,109.54,107.64,111.44,0,False,3.52,3.52
METTUR,2025-12-26,109.13,106.8,111.46,0,False,3.52,3.52
METTUR,2025-12-27,109.16,106.41,111.92,0,False,3.52,3.52
METTUR,2025-12-28,109.26,106.1,112.43,0,False,3.52,3.52
Manimuthar,2025-12-22,108.82,108.04,109.6,0,False,1.17,1.47
Manimuthar,2025-12-23,108.9,107.49,110.31,0,False,1.17,1.47
Manimuthar,2025-12-24,108.83,106.95,110.72,0,False,1.17,1.47
Manimuthar,2025-12-25,108.37,106.1,110.65,0,False,1.17,1.47
Manimuthar,2025-12-26,108.19,105.59,110.79,0,False,1.17,1.47
Manimuthar,2025-12-27,108.19,105.29,111.08,0,False,1.17,1.47
Manimuthar,2025-12-28,108.19,105.03,111.35,0,False,1.17,1.47
Papanasam (TN EB Dam),2025-12-22,128.92,127.44,130.39,0,False,1.2,1.7
Papanasam (TN EB Dam),2025-12-23,128.93,126.68,131.18,0,False,1.2,1.7
Papanasam (TN EB Dam),2025-12-24,128.95,126.15,131.75,0,False,1.2,1.7
Papanasam (TN EB Dam),2025-12-25,128.88,125.62,132.14,0,False,1.2,1.7
Papanasam (TN EB Dam),2025-12-26,128.86,125.19,132.52,0,False,1.2,1.7
Papanasam (TN EB Dam),2025-12-27,128.86,124.83,132.88,0,False,1.2,1.7
Papanasam (TN EB Dam),2025-12-28,128.86,124.5,133.21,0,False,1.2,1.7
Parambikulam,2025-12-22,69.2,69.06,69.34,0,False,0.07,0.1
Parambikulam,2025-12-23,69.11,68.95,69.28,0,False,0.07,0.1
Parambikulam,2025-12-24,69.09,68.91,69.27,0,False,0.07,0.1
Parambikulam,2025-12-25,69.1,68.92,69.28,0,False,0.07,0.1
Parambikulam,2025-12-26,69.14,68.96,69.32,0,False,0.07,0.1
Parambikulam,2025-12-27,69.14,68.95,69.32,0,False,0.07,0.1
Parambikulam,2025-12-28,69.1,68.92,69.29,0,False,0.07,0.1
Pechiparai,2025-12-22,41.88,41.63,42.14,0,False,0.14,0.17
Pechiparai,2025-12-23,41.81,41.47,42.14,0,False,0.14,0.17
Pechiparai,2025-12-24,41.79,41.41,42.17,0,False,0.14,0.17
Pechiparai,2025-12-25,41.7,41.29,42.12,0,False,0.14,0.17
Pechiparai,2025-12-26,41.69,41.26,42.13,0,False,0.14,0.17
Pechiparai,2025-12-27,41.67,41.22,42.12,0,False,0.14,0.17
Pechiparai,2025-12-28,41.63,41.17,42.08,0,False,0.14,0.17
Periyar**,2025-12-22,132.9,132.41,133.38,0,False,3.28,3.3
Periyar**,2025-12-23,132.3,131.71,132.89,0,False,3.28,3.3
Periyar**,2025-12-24,131.74,131.11,132.37,0,False,3.28,3.3
Periyar**,2025-12-25,131.22,130.56,131.87,0,False,3.28,3.3
Periyar**,2025-12-26,130.66,130.0,131.33,0,False,3.28,3.3
Periyar**,2025-12-27,130.66,129.99,131.33,0,False,3.28,3.3
Periyar**,2025-12-28,130.48,129.81,131.15,0,False,3.28,3.3
Perunchani,2025-12-22,64.64,64.33,64.94,0,False,1.74,1.75
Perunchani,2025-12-23,64.29,63.94,64.65,0,False,1.74,1.75
Perunchani,2025-12-24,63.96,63.59,64.34,0,False,1.74,1.75
Perunchani,2025-12-25,63.74,63.36,64.12,0,False,1.74,1.75
Perunchani,2025-12-26,63.51,63.13,63.9,0,False,1.74,1.75
Perunchani,2025-12-27,63.51,63.12,63.9,0,False,1.74,1.75
Perunchani,2025-12-28,63.38,63.0,63.77,0,False,1.74,1.75
Sathanur,2025-12-22,118.36,118.21,118.51,0,False,0.65,0.65
Sathanur,2025-12-23,118.41,118.2,118.62,0,False,0.65,0.65
Sathanur,2025-12-24,118.5,118.24,118.76,0,False,0.65,0.65
Sathanur,2025-12-25,118.6,118.3,118.89,0,False,0.65,0.65
Sathanur,2025-12-26,118.67,118.34,119.01,0,False,0.65,0.65
Sathanur,2025-12-27,118.7,118.34,119.07,0,False,0.65,0.65
Sathanur,2025-12-28,118.76,118.36,119.15,0,False,0.65,0.65
Sholayar,2025-12-22,124.09,123.0,125.19,0,False,3.12,3.12
Sholayar,2025-12-23,123.28,121.57,124.98,0,False,3.12,3.12
Sholayar,2025-12-24,122.9,120.85,124.95,0,False,3.12,3.12
Sholayar,2025-12-25,122.64,120.23,125.05,0,False,3.12,3.12
Sholayar,2025-12-26,122.58,119.89,125.26,0,False,3.12,3.12
Sholayar,2025-12-27,122.55,119.59,125.51,0,False,3.12,3.12
Sholayar,2025-12-28,122.55,119.36,125.74,0,False,3.12,3.12
Thirumurthy,2025-12-22,50.93,50.15,51.72,0,False,4.01,4.3
Thirumurthy,2025-12-23,52.06,50.83,53.28,0,False,4.01,4.3
Thirumurthy,2025-12-24,54.99,53.38,56.6,0,False,4.01,4.3
Thirumurthy,2025-12-25,56.26,54.32,58.2,0,False,4.01,4.3
Thirumurthy,2025-12-26,57.93,55.69,60.17,0,False,4.01,4.3
Thirumurthy,2025-12-27,57.91,55.39,60.42,0,False,4.01,4.3
Thirumurthy,2025-12-28,57.81,55.04,60.58,0,False,4.01,4.3
Vaigai,2025-12-22,58.99,58.35,59.63,0,False,4.04,4.04
Vaigai,2025-12-23,58.2,56.91,59.49,0,False,4.04,4.04
Vaigai,2025-12-24,57.39,55.41,59.37,0,False,4.04,4.04
Vaigai,2025-12-25,56.64,53.97,59.31,0,False,4.04,4.04
Vaigai,2025-12-26,55.96,52.6,59.32,0,False,4.04,4.04
Vaigai,2025-12-27,56.01,51.98,60.03,0,False,4.04,4.04
Vaigai,2025-12-28,56.05,51.38,60.73,0,False,4.04,4.04
